subject,approach,success,ms
D4J-001,EvoSuite,1,1.0000
D4J-001,Vanilla,0,0.0000
D4J-001,FEGAR,1,1.0000
D4J-002,EvoSuite,1,1.0000
D4J-002,Vanilla,0,0.0000
D4J-002,FEGAR,1,1.0000
D4J-003,EvoSuite,1,0.0000
D4J-003,Vanilla,0,0.0000
D4J-003,FEGAR,1,0.1290
D4J-004,EvoSuite,1,0.7778
D4J-004,Vanilla,0,0.0000
D4J-004,FEGAR,1,0.9440
D4J-005,EvoSuite,1,1.0000
D4J-005,Vanilla,0,0.0000
D4J-005,FEGAR,1,0.4170
D4J-006,EvoSuite,1,0.8000
D4J-006,Vanilla,1,1.0000
D4J-006,FEGAR,1,1.0000
D4J-007,EvoSuite,1,0.9362
D4J-007,Vanilla,0,0.0000
D4J-007,FEGAR,1,0.8300
D4J-008,EvoSuite,1,0.6667
D4J-008,Vanilla,1,0.8890
D4J-008,FEGAR,1,1.0000
D4J-009,EvoSuite,1,0.5417
D4J-009,Vanilla,0,0.0000
D4J-009,FEGAR,1,0.7500
D4J-010,EvoSuite,1,0.1622
D4J-010,Vanilla,1,0.0540
D4J-010,FEGAR,1,0.0900
D4J-011,EvoSuite,1,1.0000
D4J-011,Vanilla,1,1.0000
D4J-011,FEGAR,1,1.0000
D4J-012,EvoSuite,1,0.3333
D4J-012,Vanilla,0,0.0000
D4J-012,FEGAR,1,0.6670
D4J-013,EvoSuite,1,0.2500
D4J-013,Vanilla,1,0.3500
D4J-013,FEGAR,1,0.4000
D4J-014,EvoSuite,1,0.3333
D4J-014,Vanilla,0,0.0000
D4J-014,FEGAR,1,1.0000
D4J-015,EvoSuite,1,0.5269
D4J-015,Vanilla,1,0.0860
D4J-015,FEGAR,1,0.7960
D4J-016,EvoSuite,1,0.8906
D4J-016,Vanilla,0,0.0000
D4J-016,FEGAR,1,0.8590
D4J-017,EvoSuite,1,1.0000
D4J-017,Vanilla,0,0.0000
D4J-017,FEGAR,1,1.0000
D4J-018,EvoSuite,1,0.2096
D4J-018,Vanilla,1,0.4130
D4J-018,FEGAR,1,0.4070
D4J-019,EvoSuite,1,0.2214
D4J-019,Vanilla,0,0.0000
D4J-019,FEGAR,1,0.0860
D4J-020,EvoSuite,1,0.7234
D4J-020,Vanilla,1,0.3610
D4J-020,FEGAR,1,0.5560
D4J-021,EvoSuite,1,0.8000
D4J-021,Vanilla,0,0.0000
D4J-021,FEGAR,1,1.0000
D4J-022,EvoSuite,1,0.0000
D4J-022,Vanilla,0,0.0000
D4J-022,FEGAR,1,0.7620
D4J-023,EvoSuite,1,0.7708
D4J-023,Vanilla,1,0.5830
D4J-023,FEGAR,1,0.4580
D4J-024,EvoSuite,1,0.2500
D4J-024,Vanilla,0,0.0000
D4J-024,FEGAR,1,0.5000
D4J-025,EvoSuite,1,0.9412
D4J-025,Vanilla,1,1.0000
D4J-025,FEGAR,1,1.0000
D4J-026,EvoSuite,1,0.5000
D4J-026,Vanilla,0,0.0000
D4J-026,FEGAR,1,0.5000
D4J-027,EvoSuite,1,0.7551
D4J-027,Vanilla,0,0.0000
D4J-027,FEGAR,1,0.2240
D4J-028,EvoSuite,1,0.0000
D4J-028,Vanilla,0,0.0000
D4J-028,FEGAR,1,0.8540
D4J-029,EvoSuite,1,0.2000
D4J-029,Vanilla,1,0.1000
D4J-029,FEGAR,1,0.6000
D4J-030,EvoSuite,1,1.0000
D4J-030,Vanilla,1,1.0000
D4J-030,FEGAR,1,1.0000
D4J-031,EvoSuite,1,0.8333
D4J-031,Vanilla,1,0.2890
D4J-031,FEGAR,1,0.2890
D4J-032,EvoSuite,1,0.0000
D4J-032,Vanilla,0,0.0000
D4J-032,FEGAR,1,0.6360
D4J-033,EvoSuite,1,1.0000
D4J-033,Vanilla,0,0.0000
D4J-033,FEGAR,1,1.0000
D4J-034,EvoSuite,1,0.7778
D4J-034,Vanilla,0,0.0000
D4J-034,FEGAR,1,0.7780
D4J-035,EvoSuite,1,0.0000
D4J-035,Vanilla,1,1.0000
D4J-035,FEGAR,1,1.0000
D4J-036,EvoSuite,1,0.7500
D4J-036,Vanilla,1,0.8330
D4J-036,FEGAR,1,1.0000
D4J-037,EvoSuite,1,1.0000
D4J-037,Vanilla,1,1.0000
D4J-037,FEGAR,1,1.0000
D4J-038,EvoSuite,1,0.2500
D4J-038,Vanilla,1,0.7500
D4J-038,FEGAR,1,0.7500
D4J-039,EvoSuite,1,0.5882
D4J-039,Vanilla,0,0.0000
D4J-039,FEGAR,1,0.8820
D4J-040,EvoSuite,1,0.5161
D4J-040,Vanilla,0,0.0000
D4J-040,FEGAR,1,0.4190
D4J-041,EvoSuite,1,1.0000
D4J-041,Vanilla,0,0.0000
D4J-041,FEGAR,1,1.0000
D4J-042,EvoSuite,1,0.1600
D4J-042,Vanilla,0,0.0000
D4J-042,FEGAR,0,0.0000
D4J-043,EvoSuite,1,0.0000
D4J-043,Vanilla,0,0.0000
D4J-043,FEGAR,1,0.0000
D4J-044,EvoSuite,1,0.6250
D4J-044,Vanilla,0,0.0000
D4J-044,FEGAR,1,0.8750
D4J-045,EvoSuite,0,0.0000
D4J-045,Vanilla,0,0.0000
D4J-045,FEGAR,1,1.0000
D4J-046,EvoSuite,1,0.0000
D4J-046,Vanilla,1,0.4510
D4J-046,FEGAR,1,0.6320
D4J-047,EvoSuite,1,0.8500
D4J-047,Vanilla,0,0.0000
D4J-047,FEGAR,1,0.9000
D4J-048,EvoSuite,1,0.9764
D4J-048,Vanilla,0,0.0000
D4J-048,FEGAR,1,0.5350
D4J-049,EvoSuite,1,0.6111
D4J-049,Vanilla,1,0.3890
D4J-049,FEGAR,1,0.9440
D4J-050,EvoSuite,1,0.8000
D4J-050,Vanilla,0,0.0000
D4J-050,FEGAR,1,0.8000
D4J-051,EvoSuite,1,0.0000
D4J-051,Vanilla,0,0.0000
D4J-051,FEGAR,1,0.1820
D4J-052,EvoSuite,1,0.0000
D4J-052,Vanilla,0,0.0000
D4J-052,FEGAR,1,0.3200
D4J-053,EvoSuite,1,0.8750
D4J-053,Vanilla,1,0.6250
D4J-053,FEGAR,1,0.7500
D4J-054,EvoSuite,1,0.9565
D4J-054,Vanilla,1,0.6960
D4J-054,FEGAR,1,1.0000
D4J-055,EvoSuite,1,0.2222
D4J-055,Vanilla,1,0.5560
D4J-055,FEGAR,1,0.6670
D4J-056,EvoSuite,1,1.0000
D4J-056,Vanilla,0,0.0000
D4J-056,FEGAR,1,1.0000
D4J-057,EvoSuite,1,0.3125
D4J-057,Vanilla,0,0.0000
D4J-057,FEGAR,1,0.0000
D4J-058,EvoSuite,1,0.6731
D4J-058,Vanilla,1,0.3460
D4J-058,FEGAR,1,0.3650
D4J-059,EvoSuite,1,0.0000
D4J-059,Vanilla,0,0.0000
D4J-059,FEGAR,1,0.0180
D4J-060,EvoSuite,1,0.0000
D4J-060,Vanilla,0,0.0000
D4J-060,FEGAR,1,0.0000
D4J-061,EvoSuite,1,1.0000
D4J-061,Vanilla,0,0.0000
D4J-061,FEGAR,1,1.0000
D4J-062,EvoSuite,1,0.5000
D4J-062,Vanilla,1,0.8330
D4J-062,FEGAR,1,0.8330
D4J-063,EvoSuite,1,0.8000
D4J-063,Vanilla,0,0.0000
D4J-063,FEGAR,1,1.0000
D4J-064,EvoSuite,1,0.0000
D4J-064,Vanilla,0,0.0000
D4J-064,FEGAR,1,0.8570
D4J-065,EvoSuite,1,0.0000
D4J-065,Vanilla,0,0.0000
D4J-065,FEGAR,1,0.1970
D4J-066,EvoSuite,1,0.7917
D4J-066,Vanilla,1,0.6670
D4J-066,FEGAR,1,0.8120
D4J-067,EvoSuite,1,0.3611
D4J-067,Vanilla,0,0.0000
D4J-067,FEGAR,1,0.0830
D4J-068,EvoSuite,1,0.9429
D4J-068,Vanilla,0,0.0000
D4J-068,FEGAR,1,1.0000
D4J-069,EvoSuite,1,0.8421
D4J-069,Vanilla,1,0.8420
D4J-069,FEGAR,1,1.0000
D4J-070,EvoSuite,1,0.9701
D4J-070,Vanilla,1,0.3580
D4J-070,FEGAR,1,0.7160
D4J-071,EvoSuite,1,0.8000
D4J-071,Vanilla,1,0.8000
D4J-071,FEGAR,1,1.0000
D4J-072,EvoSuite,1,0.7826
D4J-072,Vanilla,0,0.0000
D4J-072,FEGAR,1,0.9130
D4J-073,EvoSuite,1,0.8000
D4J-073,Vanilla,0,0.0000
D4J-073,FEGAR,1,0.6750
D4J-074,EvoSuite,1,1.0000
D4J-074,Vanilla,0,0.0000
D4J-074,FEGAR,1,0.7500
D4J-075,EvoSuite,1,0.0000
D4J-075,Vanilla,1,0.2340
D4J-075,FEGAR,1,0.4260
D4J-076,EvoSuite,1,0.5714
D4J-076,Vanilla,1,1.0000
D4J-076,FEGAR,1,1.0000
D4J-077,EvoSuite,1,0.0000
D4J-077,Vanilla,0,0.0000
D4J-077,FEGAR,1,0.9370
D4J-078,EvoSuite,1,0.0000
D4J-078,Vanilla,1,0.0000
D4J-078,FEGAR,1,0.0000
D4J-079,EvoSuite,1,0.0000
D4J-079,Vanilla,1,0.0000
D4J-079,FEGAR,1,0.0000
D4J-080,EvoSuite,1,0.1667
D4J-080,Vanilla,0,0.0000
D4J-080,FEGAR,1,0.5000
D4J-081,EvoSuite,1,0.0000
D4J-081,Vanilla,1,0.0000
D4J-081,FEGAR,1,0.0000
D4J-082,EvoSuite,1,0.8795
D4J-082,Vanilla,0,0.0000
D4J-082,FEGAR,1,0.2650
D4J-083,EvoSuite,1,0.0000
D4J-083,Vanilla,0,0.0000
D4J-083,FEGAR,1,0.8000
