benchmark,subject,approach,success,ms
HumanEval-Java,HE-001,EvoSuite,1,0.5000
HumanEval-Java,HE-001,EvoSuite_mut,1,0.5000
HumanEval-Java,HE-001,ChatUniTest,1,1.0000
HumanEval-Java,HE-001,HITS,1,1.0000
HumanEval-Java,HE-001,MUTGEN,1,1.0000
HumanEval-Java,HE-001,Vanilla,1,1.0000
HumanEval-Java,HE-001,FEGAR,1,1.0000
HumanEval-Java,HE-002,EvoSuite,1,0.8571
HumanEval-Java,HE-002,EvoSuite_mut,0,0.0000
HumanEval-Java,HE-002,ChatUniTest,0,0.0000
HumanEval-Java,HE-002,HITS,1,0.8571
HumanEval-Java,HE-002,MUTGEN,1,0.8571
HumanEval-Java,HE-002,Vanilla,1,0.8571
HumanEval-Java,HE-002,FEGAR,1,0.8571
HumanEval-Java,HE-003,EvoSuite,1,0.7692
HumanEval-Java,HE-003,EvoSuite_mut,1,0.7692
HumanEval-Java,HE-003,ChatUniTest,1,1.0000
HumanEval-Java,HE-003,HITS,1,1.0000
HumanEval-Java,HE-003,MUTGEN,1,1.0000
HumanEval-Java,HE-003,Vanilla,1,0.9231
HumanEval-Java,HE-003,FEGAR,1,1.0000
HumanEval-Java,HE-004,EvoSuite,1,0.9615
HumanEval-Java,HE-004,EvoSuite_mut,1,0.9615
HumanEval-Java,HE-004,ChatUniTest,1,0.4231
HumanEval-Java,HE-004,HITS,1,1.0000
HumanEval-Java,HE-004,MUTGEN,1,1.0000
HumanEval-Java,HE-004,Vanilla,1,1.0000
HumanEval-Java,HE-004,FEGAR,1,1.0000
HumanEval-Java,HE-005,EvoSuite,1,0.0000
HumanEval-Java,HE-005,EvoSuite_mut,1,0.0000
HumanEval-Java,HE-005,ChatUniTest,1,0.6429
HumanEval-Java,HE-005,HITS,1,0.7857
HumanEval-Java,HE-005,MUTGEN,1,0.5000
HumanEval-Java,HE-005,Vanilla,0,0.0000
HumanEval-Java,HE-005,FEGAR,1,0.7857
HumanEval-Java,HE-006,EvoSuite,1,0.5714
HumanEval-Java,HE-006,EvoSuite_mut,1,0.4286
HumanEval-Java,HE-006,ChatUniTest,1,0.8571
HumanEval-Java,HE-006,HITS,1,0.8571
HumanEval-Java,HE-006,MUTGEN,1,0.8571
HumanEval-Java,HE-006,Vanilla,0,0.0000
HumanEval-Java,HE-006,FEGAR,1,0.8571
HumanEval-Java,HE-007,EvoSuite,1,0.8889
HumanEval-Java,HE-007,EvoSuite_mut,1,0.7778
HumanEval-Java,HE-007,ChatUniTest,1,0.8889
HumanEval-Java,HE-007,HITS,1,1.0000
HumanEval-Java,HE-007,MUTGEN,1,1.0000
HumanEval-Java,HE-007,Vanilla,0,0.0000
HumanEval-Java,HE-007,FEGAR,1,1.0000
HumanEval-Java,HE-008,EvoSuite,1,0.0400
HumanEval-Java,HE-008,EvoSuite_mut,1,0.0400
HumanEval-Java,HE-008,ChatUniTest,1,0.5600
HumanEval-Java,HE-008,HITS,1,0.8800
HumanEval-Java,HE-008,MUTGEN,1,0.5600
HumanEval-Java,HE-008,Vanilla,1,0.7200
HumanEval-Java,HE-008,FEGAR,1,1.0000
HumanEval-Java,HE-009,EvoSuite,1,0.6333
HumanEval-Java,HE-009,EvoSuite_mut,1,0.6000
HumanEval-Java,HE-009,ChatUniTest,1,0.4667
HumanEval-Java,HE-009,HITS,1,0.8333
HumanEval-Java,HE-009,MUTGEN,1,0.7667
HumanEval-Java,HE-009,Vanilla,1,0.5667
HumanEval-Java,HE-009,FEGAR,1,0.6333
HumanEval-Java,HE-010,EvoSuite,1,0.9091
HumanEval-Java,HE-010,EvoSuite_mut,1,0.9545
HumanEval-Java,HE-010,ChatUniTest,1,0.2273
HumanEval-Java,HE-010,HITS,1,1.0000
HumanEval-Java,HE-010,MUTGEN,1,0.8182
HumanEval-Java,HE-010,Vanilla,0,0.0000
HumanEval-Java,HE-010,FEGAR,1,0.8636
HumanEval-Java,HE-011,EvoSuite,1,0.2857
HumanEval-Java,HE-011,EvoSuite_mut,1,0.5714
HumanEval-Java,HE-011,ChatUniTest,1,1.0000
HumanEval-Java,HE-011,HITS,1,1.0000
HumanEval-Java,HE-011,MUTGEN,1,1.0000
HumanEval-Java,HE-011,Vanilla,1,1.0000
HumanEval-Java,HE-011,FEGAR,1,1.0000
HumanEval-Java,HE-012,EvoSuite,1,0.5000
HumanEval-Java,HE-012,EvoSuite_mut,1,0.7000
HumanEval-Java,HE-012,ChatUniTest,1,1.0000
HumanEval-Java,HE-012,HITS,1,1.0000
HumanEval-Java,HE-012,MUTGEN,1,1.0000
HumanEval-Java,HE-012,Vanilla,1,1.0000
HumanEval-Java,HE-012,FEGAR,1,1.0000
HumanEval-Java,HE-013,EvoSuite,1,0.5000
HumanEval-Java,HE-013,EvoSuite_mut,1,0.5000
HumanEval-Java,HE-013,ChatUniTest,1,1.0000
HumanEval-Java,HE-013,HITS,1,1.0000
HumanEval-Java,HE-013,MUTGEN,1,0.9000
HumanEval-Java,HE-013,Vanilla,1,1.0000
HumanEval-Java,HE-013,FEGAR,1,1.0000
HumanEval-Java,HE-014,EvoSuite,1,0.8571
HumanEval-Java,HE-014,EvoSuite_mut,1,0.7143
HumanEval-Java,HE-014,ChatUniTest,1,1.0000
HumanEval-Java,HE-014,HITS,1,1.0000
HumanEval-Java,HE-014,MUTGEN,1,1.0000
HumanEval-Java,HE-014,Vanilla,1,1.0000
HumanEval-Java,HE-014,FEGAR,1,1.0000
HumanEval-Java,HE-015,EvoSuite,1,0.9000
HumanEval-Java,HE-015,EvoSuite_mut,1,0.9000
HumanEval-Java,HE-015,ChatUniTest,1,0.9000
HumanEval-Java,HE-015,HITS,1,0.9000
HumanEval-Java,HE-015,MUTGEN,1,0.9000
HumanEval-Java,HE-015,Vanilla,1,0.9000
HumanEval-Java,HE-015,FEGAR,1,0.9000
HumanEval-Java,HE-016,EvoSuite,1,0.6364
HumanEval-Java,HE-016,EvoSuite_mut,1,0.4545
HumanEval-Java,HE-016,ChatUniTest,1,1.0000
HumanEval-Java,HE-016,HITS,1,1.0000
HumanEval-Java,HE-016,MUTGEN,1,1.0000
HumanEval-Java,HE-016,Vanilla,1,1.0000
HumanEval-Java,HE-016,FEGAR,1,1.0000
HumanEval-Java,HE-017,EvoSuite,1,0.6842
HumanEval-Java,HE-017,EvoSuite_mut,1,0.6842
HumanEval-Java,HE-017,ChatUniTest,1,0.7368
HumanEval-Java,HE-017,HITS,1,0.7368
HumanEval-Java,HE-017,MUTGEN,1,0.6842
HumanEval-Java,HE-017,Vanilla,1,0.6316
HumanEval-Java,HE-017,FEGAR,1,0.6842
HumanEval-Java,HE-018,EvoSuite,1,0.6500
HumanEval-Java,HE-018,EvoSuite_mut,1,0.6000
HumanEval-Java,HE-018,ChatUniTest,1,0.8500
HumanEval-Java,HE-018,HITS,1,0.9500
HumanEval-Java,HE-018,MUTGEN,1,0.7000
HumanEval-Java,HE-018,Vanilla,1,0.6500
HumanEval-Java,HE-018,FEGAR,1,0.8000
HumanEval-Java,HE-019,EvoSuite,1,0.8462
HumanEval-Java,HE-019,EvoSuite_mut,1,0.4615
HumanEval-Java,HE-019,ChatUniTest,1,0.5385
HumanEval-Java,HE-019,HITS,1,1.0000
HumanEval-Java,HE-019,MUTGEN,1,1.0000
HumanEval-Java,HE-019,Vanilla,1,1.0000
HumanEval-Java,HE-019,FEGAR,1,1.0000
HumanEval-Java,HE-020,EvoSuite,1,0.0909
HumanEval-Java,HE-020,EvoSuite_mut,1,0.0909
HumanEval-Java,HE-020,ChatUniTest,1,1.0000
HumanEval-Java,HE-020,HITS,1,1.0000
HumanEval-Java,HE-020,MUTGEN,1,1.0000
HumanEval-Java,HE-020,Vanilla,1,1.0000
HumanEval-Java,HE-020,FEGAR,1,1.0000
HumanEval-Java,HE-021,EvoSuite,1,0.9000
HumanEval-Java,HE-021,EvoSuite_mut,1,1.0000
HumanEval-Java,HE-021,ChatUniTest,1,0.2000
HumanEval-Java,HE-021,HITS,1,0.9000
HumanEval-Java,HE-021,MUTGEN,1,0.9000
HumanEval-Java,HE-021,Vanilla,1,1.0000
HumanEval-Java,HE-021,FEGAR,1,1.0000
HumanEval-Java,HE-022,EvoSuite,1,0.7500
HumanEval-Java,HE-022,EvoSuite_mut,1,0.7500
HumanEval-Java,HE-022,ChatUniTest,1,0.7500
HumanEval-Java,HE-022,HITS,1,0.7500
HumanEval-Java,HE-022,MUTGEN,1,0.7500
HumanEval-Java,HE-022,Vanilla,1,0.7500
HumanEval-Java,HE-022,FEGAR,1,0.7500
HumanEval-Java,HE-023,EvoSuite,1,0.6667
HumanEval-Java,HE-023,EvoSuite_mut,1,0.5556
HumanEval-Java,HE-023,ChatUniTest,1,1.0000
HumanEval-Java,HE-023,HITS,1,1.0000
HumanEval-Java,HE-023,MUTGEN,1,1.0000
HumanEval-Java,HE-023,Vanilla,1,1.0000
HumanEval-Java,HE-023,FEGAR,1,1.0000
HumanEval-Java,HE-024,EvoSuite,1,0.2308
HumanEval-Java,HE-024,EvoSuite_mut,1,0.5385
HumanEval-Java,HE-024,ChatUniTest,1,1.0000
HumanEval-Java,HE-024,HITS,1,1.0000
HumanEval-Java,HE-024,MUTGEN,1,1.0000
HumanEval-Java,HE-024,Vanilla,0,0.0000
HumanEval-Java,HE-024,FEGAR,1,1.0000
HumanEval-Java,HE-025,EvoSuite,1,0.9000
HumanEval-Java,HE-025,EvoSuite_mut,1,0.8000
HumanEval-Java,HE-025,ChatUniTest,1,0.8000
HumanEval-Java,HE-025,HITS,1,0.9000
HumanEval-Java,HE-025,MUTGEN,1,0.8000
HumanEval-Java,HE-025,Vanilla,1,0.8000
HumanEval-Java,HE-025,FEGAR,1,0.9000
HumanEval-Java,HE-026,EvoSuite,1,0.8750
HumanEval-Java,HE-026,EvoSuite_mut,1,0.8750
HumanEval-Java,HE-026,ChatUniTest,1,1.0000
HumanEval-Java,HE-026,HITS,1,1.0000
HumanEval-Java,HE-026,MUTGEN,1,1.0000
HumanEval-Java,HE-026,Vanilla,1,1.0000
HumanEval-Java,HE-026,FEGAR,1,1.0000
HumanEval-Java,HE-027,EvoSuite,1,0.8125
HumanEval-Java,HE-027,EvoSuite_mut,1,0.9375
HumanEval-Java,HE-027,ChatUniTest,1,0.8750
HumanEval-Java,HE-027,HITS,1,0.8750
HumanEval-Java,HE-027,MUTGEN,1,0.9375
HumanEval-Java,HE-027,Vanilla,1,0.8750
HumanEval-Java,HE-027,FEGAR,1,0.8750
HumanEval-Java,HE-028,EvoSuite,1,0.6667
HumanEval-Java,HE-028,EvoSuite_mut,1,0.6667
HumanEval-Java,HE-028,ChatUniTest,1,1.0000
HumanEval-Java,HE-028,HITS,1,1.0000
HumanEval-Java,HE-028,MUTGEN,1,1.0000
HumanEval-Java,HE-028,Vanilla,1,1.0000
HumanEval-Java,HE-028,FEGAR,1,1.0000
HumanEval-Java,HE-029,EvoSuite,1,0.6667
HumanEval-Java,HE-029,EvoSuite_mut,1,0.5000
HumanEval-Java,HE-029,ChatUniTest,1,0.8333
HumanEval-Java,HE-029,HITS,1,0.8333
HumanEval-Java,HE-029,MUTGEN,1,0.8333
HumanEval-Java,HE-029,Vanilla,1,0.8333
HumanEval-Java,HE-029,FEGAR,1,0.8333
HumanEval-Java,HE-030,EvoSuite,1,0.8000
HumanEval-Java,HE-030,EvoSuite_mut,1,0.8000
HumanEval-Java,HE-030,ChatUniTest,1,0.9000
HumanEval-Java,HE-030,HITS,1,0.9000
HumanEval-Java,HE-030,MUTGEN,1,0.9000
HumanEval-Java,HE-030,Vanilla,0,0.0000
HumanEval-Java,HE-030,FEGAR,1,0.9000
HumanEval-Java,HE-031,EvoSuite,1,0.4286
HumanEval-Java,HE-031,EvoSuite_mut,1,0.4286
HumanEval-Java,HE-031,ChatUniTest,1,1.0000
HumanEval-Java,HE-031,HITS,1,1.0000
HumanEval-Java,HE-031,MUTGEN,1,0.2857
HumanEval-Java,HE-031,Vanilla,1,1.0000
HumanEval-Java,HE-031,FEGAR,1,1.0000
HumanEval-Java,HE-032,EvoSuite,1,0.8889
HumanEval-Java,HE-032,EvoSuite_mut,1,0.8889
HumanEval-Java,HE-032,ChatUniTest,1,1.0000
HumanEval-Java,HE-032,HITS,1,1.0000
HumanEval-Java,HE-032,MUTGEN,1,1.0000
HumanEval-Java,HE-032,Vanilla,1,1.0000
HumanEval-Java,HE-032,FEGAR,1,1.0000
HumanEval-Java,HE-033,EvoSuite,1,0.7692
HumanEval-Java,HE-033,EvoSuite_mut,1,0.7692
HumanEval-Java,HE-033,ChatUniTest,1,0.6923
HumanEval-Java,HE-033,HITS,1,0.7692
HumanEval-Java,HE-033,MUTGEN,1,1.0000
HumanEval-Java,HE-033,Vanilla,1,1.0000
HumanEval-Java,HE-033,FEGAR,1,1.0000
HumanEval-Java,HE-034,EvoSuite,1,0.5000
HumanEval-Java,HE-034,EvoSuite_mut,1,0.5000
HumanEval-Java,HE-034,ChatUniTest,1,0.5000
HumanEval-Java,HE-034,HITS,1,0.8000
HumanEval-Java,HE-034,MUTGEN,1,0.8000
HumanEval-Java,HE-034,Vanilla,1,1.0000
HumanEval-Java,HE-034,FEGAR,1,1.0000
HumanEval-Java,HE-035,EvoSuite,1,0.6190
HumanEval-Java,HE-035,EvoSuite_mut,1,0.6190
HumanEval-Java,HE-035,ChatUniTest,1,0.6190
HumanEval-Java,HE-035,HITS,1,0.9048
HumanEval-Java,HE-035,MUTGEN,1,0.9048
HumanEval-Java,HE-035,Vanilla,1,1.0000
HumanEval-Java,HE-035,FEGAR,1,1.0000
HumanEval-Java,HE-036,EvoSuite,1,0.8462
HumanEval-Java,HE-036,EvoSuite_mut,1,0.9231
HumanEval-Java,HE-036,ChatUniTest,1,0.8462
HumanEval-Java,HE-036,HITS,1,0.8462
HumanEval-Java,HE-036,MUTGEN,1,0.9231
HumanEval-Java,HE-036,Vanilla,1,0.8462
HumanEval-Java,HE-036,FEGAR,1,0.9231
HumanEval-Java,HE-037,EvoSuite,1,0.0909
HumanEval-Java,HE-037,EvoSuite_mut,1,0.9091
HumanEval-Java,HE-037,ChatUniTest,0,0.0000
HumanEval-Java,HE-037,HITS,1,0.9091
HumanEval-Java,HE-037,MUTGEN,1,1.0000
HumanEval-Java,HE-037,Vanilla,1,1.0000
HumanEval-Java,HE-037,FEGAR,1,1.0000
HumanEval-Java,HE-038,EvoSuite,1,0.8000
HumanEval-Java,HE-038,EvoSuite_mut,1,0.6000
HumanEval-Java,HE-038,ChatUniTest,1,0.8000
HumanEval-Java,HE-038,HITS,1,0.8000
HumanEval-Java,HE-038,MUTGEN,1,0.8000
HumanEval-Java,HE-038,Vanilla,1,0.8000
HumanEval-Java,HE-038,FEGAR,1,0.8000
HumanEval-Java,HE-039,EvoSuite,1,0.9000
HumanEval-Java,HE-039,EvoSuite_mut,1,0.8500
HumanEval-Java,HE-039,ChatUniTest,1,0.8500
HumanEval-Java,HE-039,HITS,1,0.9000
HumanEval-Java,HE-039,MUTGEN,1,0.9000
HumanEval-Java,HE-039,Vanilla,1,0.8500
HumanEval-Java,HE-039,FEGAR,1,0.8500
HumanEval-Java,HE-040,EvoSuite,1,0.8750
HumanEval-Java,HE-040,EvoSuite_mut,1,0.8750
HumanEval-Java,HE-040,ChatUniTest,1,0.8750
HumanEval-Java,HE-040,HITS,1,0.8750
HumanEval-Java,HE-040,MUTGEN,1,0.8750
HumanEval-Java,HE-040,Vanilla,1,0.8750
HumanEval-Java,HE-040,FEGAR,1,0.8750
HumanEval-Java,HE-041,EvoSuite,1,0.1000
HumanEval-Java,HE-041,EvoSuite_mut,1,0.1000
HumanEval-Java,HE-041,ChatUniTest,1,0.7667
HumanEval-Java,HE-041,HITS,1,0.9000
HumanEval-Java,HE-041,MUTGEN,1,0.8667
HumanEval-Java,HE-041,Vanilla,1,0.6333
HumanEval-Java,HE-041,FEGAR,1,0.7000
HumanEval-Java,HE-042,EvoSuite,1,1.0000
HumanEval-Java,HE-042,EvoSuite_mut,1,0.2000
HumanEval-Java,HE-042,ChatUniTest,1,1.0000
HumanEval-Java,HE-042,HITS,1,1.0000
HumanEval-Java,HE-042,MUTGEN,1,1.0000
HumanEval-Java,HE-042,Vanilla,1,1.0000
HumanEval-Java,HE-042,FEGAR,1,1.0000
HumanEval-Java,HE-043,EvoSuite,1,0.8750
HumanEval-Java,HE-043,EvoSuite_mut,1,0.8750
HumanEval-Java,HE-043,ChatUniTest,1,0.8125
HumanEval-Java,HE-043,HITS,1,0.8750
HumanEval-Java,HE-043,MUTGEN,1,0.8750
HumanEval-Java,HE-043,Vanilla,1,0.8125
HumanEval-Java,HE-043,FEGAR,1,0.8125
HumanEval-Java,HE-044,EvoSuite,1,0.9091
HumanEval-Java,HE-044,EvoSuite_mut,1,0.8182
HumanEval-Java,HE-044,ChatUniTest,1,1.0000
HumanEval-Java,HE-044,HITS,1,1.0000
HumanEval-Java,HE-044,MUTGEN,1,0.9091
HumanEval-Java,HE-044,Vanilla,1,1.0000
HumanEval-Java,HE-044,FEGAR,1,1.0000
HumanEval-Java,HE-045,EvoSuite,1,1.0000
HumanEval-Java,HE-045,EvoSuite_mut,1,1.0000
HumanEval-Java,HE-045,ChatUniTest,1,1.0000
HumanEval-Java,HE-045,HITS,1,1.0000
HumanEval-Java,HE-045,MUTGEN,1,1.0000
HumanEval-Java,HE-045,Vanilla,1,1.0000
HumanEval-Java,HE-045,FEGAR,1,1.0000
HumanEval-Java,HE-046,EvoSuite,1,0.7143
HumanEval-Java,HE-046,EvoSuite_mut,1,0.8571
HumanEval-Java,HE-046,ChatUniTest,0,0.0000
HumanEval-Java,HE-046,HITS,1,0.8571
HumanEval-Java,HE-046,MUTGEN,1,0.8571
HumanEval-Java,HE-046,Vanilla,1,0.8571
HumanEval-Java,HE-046,FEGAR,1,0.8571
HumanEval-Java,HE-047,EvoSuite,1,0.9333
HumanEval-Java,HE-047,EvoSuite_mut,1,0.9333
HumanEval-Java,HE-047,ChatUniTest,0,0.0000
HumanEval-Java,HE-047,HITS,1,0.5333
HumanEval-Java,HE-047,MUTGEN,1,0.6000
HumanEval-Java,HE-047,Vanilla,0,0.0000
HumanEval-Java,HE-047,FEGAR,1,0.9333
HumanEval-Java,HE-048,EvoSuite,1,0.9091
HumanEval-Java,HE-048,EvoSuite_mut,1,0.8182
HumanEval-Java,HE-048,ChatUniTest,1,0.8182
HumanEval-Java,HE-048,HITS,1,0.9091
HumanEval-Java,HE-048,MUTGEN,1,0.9091
HumanEval-Java,HE-048,Vanilla,1,0.9091
HumanEval-Java,HE-048,FEGAR,1,0.9091
HumanEval-Java,HE-049,EvoSuite,1,0.5000
HumanEval-Java,HE-049,EvoSuite_mut,1,0.5000
HumanEval-Java,HE-049,ChatUniTest,1,0.3333
HumanEval-Java,HE-049,HITS,1,0.8333
HumanEval-Java,HE-049,MUTGEN,1,0.8333
HumanEval-Java,HE-049,Vanilla,1,0.8333
HumanEval-Java,HE-049,FEGAR,1,0.8333
HumanEval-Java,HE-050,EvoSuite,1,0.0000
HumanEval-Java,HE-050,EvoSuite_mut,1,0.0000
HumanEval-Java,HE-050,ChatUniTest,1,1.0000
HumanEval-Java,HE-050,HITS,1,1.0000
HumanEval-Java,HE-050,MUTGEN,1,1.0000
HumanEval-Java,HE-050,Vanilla,1,1.0000
HumanEval-Java,HE-050,FEGAR,1,1.0000
HumanEval-Java,HE-051,EvoSuite,1,1.0000
HumanEval-Java,HE-051,EvoSuite_mut,1,1.0000
HumanEval-Java,HE-051,ChatUniTest,1,1.0000
HumanEval-Java,HE-051,HITS,1,1.0000
HumanEval-Java,HE-051,MUTGEN,1,1.0000
HumanEval-Java,HE-051,Vanilla,1,1.0000
HumanEval-Java,HE-051,FEGAR,1,1.0000
HumanEval-Java,HE-052,EvoSuite,1,0.0000
HumanEval-Java,HE-052,EvoSuite_mut,1,0.3478
HumanEval-Java,HE-052,ChatUniTest,0,0.0000
HumanEval-Java,HE-052,HITS,1,0.9130
HumanEval-Java,HE-052,MUTGEN,1,0.9130
HumanEval-Java,HE-052,Vanilla,1,0.9130
HumanEval-Java,HE-052,FEGAR,1,0.9130
HumanEval-Java,HE-053,EvoSuite,1,0.0000
HumanEval-Java,HE-053,EvoSuite_mut,1,0.0000
HumanEval-Java,HE-053,ChatUniTest,1,1.0000
HumanEval-Java,HE-053,HITS,1,1.0000
HumanEval-Java,HE-053,MUTGEN,1,0.0000
HumanEval-Java,HE-053,Vanilla,1,1.0000
HumanEval-Java,HE-053,FEGAR,1,1.0000
HumanEval-Java,HE-054,EvoSuite,1,0.9091
HumanEval-Java,HE-054,EvoSuite_mut,1,0.9091
HumanEval-Java,HE-054,ChatUniTest,1,0.9091
HumanEval-Java,HE-054,HITS,1,0.9091
HumanEval-Java,HE-054,MUTGEN,1,0.9091
HumanEval-Java,HE-054,Vanilla,1,0.9091
HumanEval-Java,HE-054,FEGAR,1,0.9091
HumanEval-Java,HE-055,EvoSuite,1,0.7500
HumanEval-Java,HE-055,EvoSuite_mut,1,0.6667
HumanEval-Java,HE-055,ChatUniTest,1,0.2500
HumanEval-Java,HE-055,HITS,1,0.5833
HumanEval-Java,HE-055,MUTGEN,1,0.8333
HumanEval-Java,HE-055,Vanilla,1,0.9167
HumanEval-Java,HE-055,FEGAR,1,0.9167
HumanEval-Java,HE-056,EvoSuite,1,0.8571
HumanEval-Java,HE-056,EvoSuite_mut,1,0.8571
HumanEval-Java,HE-056,ChatUniTest,1,1.0000
HumanEval-Java,HE-056,HITS,1,1.0000
HumanEval-Java,HE-056,MUTGEN,1,1.0000
HumanEval-Java,HE-056,Vanilla,1,1.0000
HumanEval-Java,HE-056,FEGAR,1,1.0000
HumanEval-Java,HE-057,EvoSuite,1,0.9167
HumanEval-Java,HE-057,EvoSuite_mut,1,0.9167
HumanEval-Java,HE-057,ChatUniTest,1,1.0000
HumanEval-Java,HE-057,HITS,1,1.0000
HumanEval-Java,HE-057,MUTGEN,1,1.0000
HumanEval-Java,HE-057,Vanilla,1,0.9167
HumanEval-Java,HE-057,FEGAR,1,1.0000
HumanEval-Java,HE-058,EvoSuite,1,0.7500
HumanEval-Java,HE-058,EvoSuite_mut,1,0.7500
HumanEval-Java,HE-058,ChatUniTest,1,1.0000
HumanEval-Java,HE-058,HITS,1,1.0000
HumanEval-Java,HE-058,MUTGEN,1,1.0000
HumanEval-Java,HE-058,Vanilla,1,1.0000
HumanEval-Java,HE-058,FEGAR,1,1.0000
HumanEval-Java,HE-059,EvoSuite,1,0.7333
HumanEval-Java,HE-059,EvoSuite_mut,1,0.7333
HumanEval-Java,HE-059,ChatUniTest,1,0.8000
HumanEval-Java,HE-059,HITS,1,0.8000
HumanEval-Java,HE-059,MUTGEN,1,0.8000
HumanEval-Java,HE-059,Vanilla,1,0.8667
HumanEval-Java,HE-059,FEGAR,1,0.8667
HumanEval-Java,HE-060,EvoSuite,1,0.5000
HumanEval-Java,HE-060,EvoSuite_mut,1,0.5000
HumanEval-Java,HE-060,ChatUniTest,1,1.0000
HumanEval-Java,HE-060,HITS,1,1.0000
HumanEval-Java,HE-060,MUTGEN,1,0.9000
HumanEval-Java,HE-060,Vanilla,1,1.0000
HumanEval-Java,HE-060,FEGAR,1,1.0000
HumanEval-Java,HE-061,EvoSuite,1,0.5833
HumanEval-Java,HE-061,EvoSuite_mut,1,0.7500
HumanEval-Java,HE-061,ChatUniTest,1,0.7500
HumanEval-Java,HE-061,HITS,1,0.8333
HumanEval-Java,HE-061,MUTGEN,1,0.8333
HumanEval-Java,HE-061,Vanilla,1,0.8333
HumanEval-Java,HE-061,FEGAR,1,0.8333
HumanEval-Java,HE-062,EvoSuite,1,0.8889
HumanEval-Java,HE-062,EvoSuite_mut,1,0.8889
HumanEval-Java,HE-062,ChatUniTest,1,0.8889
HumanEval-Java,HE-062,HITS,1,0.8889
HumanEval-Java,HE-062,MUTGEN,1,0.8889
HumanEval-Java,HE-062,Vanilla,1,0.8889
HumanEval-Java,HE-062,FEGAR,1,0.8889
HumanEval-Java,HE-063,EvoSuite,1,0.4444
HumanEval-Java,HE-063,EvoSuite_mut,1,0.4444
HumanEval-Java,HE-063,ChatUniTest,1,0.4444
HumanEval-Java,HE-063,HITS,1,1.0000
HumanEval-Java,HE-063,MUTGEN,1,0.4444
HumanEval-Java,HE-063,Vanilla,1,1.0000
HumanEval-Java,HE-063,FEGAR,1,1.0000
HumanEval-Java,HE-064,EvoSuite,1,0.6250
HumanEval-Java,HE-064,EvoSuite_mut,1,0.6250
HumanEval-Java,HE-064,ChatUniTest,1,1.0000
HumanEval-Java,HE-064,HITS,1,1.0000
HumanEval-Java,HE-064,MUTGEN,1,1.0000
HumanEval-Java,HE-064,Vanilla,1,1.0000
HumanEval-Java,HE-064,FEGAR,1,1.0000
HumanEval-Java,HE-065,EvoSuite,1,0.7500
HumanEval-Java,HE-065,EvoSuite_mut,1,0.7500
HumanEval-Java,HE-065,ChatUniTest,1,1.0000
HumanEval-Java,HE-065,HITS,1,1.0000
HumanEval-Java,HE-065,MUTGEN,1,1.0000
HumanEval-Java,HE-065,Vanilla,1,1.0000
HumanEval-Java,HE-065,FEGAR,1,1.0000
HumanEval-Java,HE-066,EvoSuite,1,0.6000
HumanEval-Java,HE-066,EvoSuite_mut,1,1.0000
HumanEval-Java,HE-066,ChatUniTest,1,1.0000
HumanEval-Java,HE-066,HITS,1,1.0000
HumanEval-Java,HE-066,MUTGEN,1,1.0000
HumanEval-Java,HE-066,Vanilla,1,1.0000
HumanEval-Java,HE-066,FEGAR,1,1.0000
HumanEval-Java,HE-067,EvoSuite,1,0.8333
HumanEval-Java,HE-067,EvoSuite_mut,1,0.7500
HumanEval-Java,HE-067,ChatUniTest,1,1.0000
HumanEval-Java,HE-067,HITS,1,1.0000
HumanEval-Java,HE-067,MUTGEN,1,1.0000
HumanEval-Java,HE-067,Vanilla,1,1.0000
HumanEval-Java,HE-067,FEGAR,1,1.0000
HumanEval-Java,HE-068,EvoSuite,1,0.0625
HumanEval-Java,HE-068,EvoSuite_mut,1,0.0625
HumanEval-Java,HE-068,ChatUniTest,1,1.0000
HumanEval-Java,HE-068,HITS,1,0.9375
HumanEval-Java,HE-068,MUTGEN,1,0.8750
HumanEval-Java,HE-068,Vanilla,1,1.0000
HumanEval-Java,HE-068,FEGAR,1,1.0000
HumanEval-Java,HE-069,EvoSuite,1,0.8333
HumanEval-Java,HE-069,EvoSuite_mut,1,0.5000
HumanEval-Java,HE-069,ChatUniTest,1,1.0000
HumanEval-Java,HE-069,HITS,1,1.0000
HumanEval-Java,HE-069,MUTGEN,1,0.8333
HumanEval-Java,HE-069,Vanilla,1,0.8333
HumanEval-Java,HE-069,FEGAR,1,1.0000
HumanEval-Java,HE-070,EvoSuite,1,0.5625
HumanEval-Java,HE-070,EvoSuite_mut,1,0.7500
HumanEval-Java,HE-070,ChatUniTest,1,1.0000
HumanEval-Java,HE-070,HITS,1,1.0000
HumanEval-Java,HE-070,MUTGEN,1,0.8750
HumanEval-Java,HE-070,Vanilla,1,1.0000
HumanEval-Java,HE-070,FEGAR,1,1.0000
HumanEval-Java,HE-071,EvoSuite,1,0.7000
HumanEval-Java,HE-071,EvoSuite_mut,1,0.7000
HumanEval-Java,HE-071,ChatUniTest,0,0.0000
HumanEval-Java,HE-071,HITS,1,0.7000
HumanEval-Java,HE-071,MUTGEN,1,0.7000
HumanEval-Java,HE-071,Vanilla,1,1.0000
HumanEval-Java,HE-071,FEGAR,1,1.0000
HumanEval-Java,HE-072,EvoSuite,1,0.6364
HumanEval-Java,HE-072,EvoSuite_mut,1,0.4545
HumanEval-Java,HE-072,ChatUniTest,1,0.8182
HumanEval-Java,HE-072,HITS,1,0.9545
HumanEval-Java,HE-072,MUTGEN,1,0.5909
HumanEval-Java,HE-072,Vanilla,0,0.0000
HumanEval-Java,HE-072,FEGAR,1,0.9091
HumanEval-Java,HE-073,EvoSuite,1,0.8571
HumanEval-Java,HE-073,EvoSuite_mut,1,0.8571
HumanEval-Java,HE-073,ChatUniTest,0,0.0000
HumanEval-Java,HE-073,HITS,1,0.8571
HumanEval-Java,HE-073,MUTGEN,1,1.0000
HumanEval-Java,HE-073,Vanilla,1,1.0000
HumanEval-Java,HE-073,FEGAR,1,1.0000
HumanEval-Java,HE-074,EvoSuite,1,0.2500
HumanEval-Java,HE-074,EvoSuite_mut,1,0.2500
HumanEval-Java,HE-074,ChatUniTest,1,1.0000
HumanEval-Java,HE-074,HITS,1,1.0000
HumanEval-Java,HE-074,MUTGEN,1,1.0000
HumanEval-Java,HE-074,Vanilla,1,1.0000
HumanEval-Java,HE-074,FEGAR,1,1.0000
HumanEval-Java,HE-075,EvoSuite,1,0.7500
HumanEval-Java,HE-075,EvoSuite_mut,1,0.7500
HumanEval-Java,HE-075,ChatUniTest,1,1.0000
HumanEval-Java,HE-075,HITS,1,1.0000
HumanEval-Java,HE-075,MUTGEN,1,0.6250
HumanEval-Java,HE-075,Vanilla,1,0.7500
HumanEval-Java,HE-075,FEGAR,1,1.0000
HumanEval-Java,HE-076,EvoSuite,1,0.7273
HumanEval-Java,HE-076,EvoSuite_mut,1,0.7273
HumanEval-Java,HE-076,ChatUniTest,1,0.9091
HumanEval-Java,HE-076,HITS,1,0.9091
HumanEval-Java,HE-076,MUTGEN,1,0.8182
HumanEval-Java,HE-076,Vanilla,1,0.8182
HumanEval-Java,HE-076,FEGAR,1,0.9091
HumanEval-Java,HE-077,EvoSuite,1,0.7368
HumanEval-Java,HE-077,EvoSuite_mut,1,0.5789
HumanEval-Java,HE-077,ChatUniTest,1,0.7368
HumanEval-Java,HE-077,HITS,1,0.9474
HumanEval-Java,HE-077,MUTGEN,1,0.9474
HumanEval-Java,HE-077,Vanilla,1,0.9474
HumanEval-Java,HE-077,FEGAR,1,0.9474
HumanEval-Java,HE-078,EvoSuite,1,0.6923
HumanEval-Java,HE-078,EvoSuite_mut,1,0.6923
HumanEval-Java,HE-078,ChatUniTest,1,0.8462
HumanEval-Java,HE-078,HITS,1,0.8462
HumanEval-Java,HE-078,MUTGEN,1,0.8462
HumanEval-Java,HE-078,Vanilla,1,0.8462
HumanEval-Java,HE-078,FEGAR,1,0.8462
HumanEval-Java,HE-079,EvoSuite,1,0.7895
HumanEval-Java,HE-079,EvoSuite_mut,1,0.7895
HumanEval-Java,HE-079,ChatUniTest,1,0.9474
HumanEval-Java,HE-079,HITS,1,0.7895
HumanEval-Java,HE-079,MUTGEN,1,0.9474
HumanEval-Java,HE-079,Vanilla,1,0.9474
HumanEval-Java,HE-079,FEGAR,1,0.9474
HumanEval-Java,HE-080,EvoSuite,1,0.5455
HumanEval-Java,HE-080,EvoSuite_mut,1,0.6364
HumanEval-Java,HE-080,ChatUniTest,1,1.0000
HumanEval-Java,HE-080,HITS,1,1.0000
HumanEval-Java,HE-080,MUTGEN,1,1.0000
HumanEval-Java,HE-080,Vanilla,1,0.9091
HumanEval-Java,HE-080,FEGAR,1,1.0000
HumanEval-Java,HE-081,EvoSuite,1,0.7500
HumanEval-Java,HE-081,EvoSuite_mut,1,0.9167
HumanEval-Java,HE-081,ChatUniTest,1,0.9167
HumanEval-Java,HE-081,HITS,1,0.9167
HumanEval-Java,HE-081,MUTGEN,1,0.9167
HumanEval-Java,HE-081,Vanilla,1,0.9167
HumanEval-Java,HE-081,FEGAR,1,0.9167
HumanEval-Java,HE-082,EvoSuite,1,0.9333
HumanEval-Java,HE-082,EvoSuite_mut,1,0.9333
HumanEval-Java,HE-082,ChatUniTest,0,0.0000
HumanEval-Java,HE-082,HITS,1,1.0000
HumanEval-Java,HE-082,MUTGEN,1,1.0000
HumanEval-Java,HE-082,Vanilla,1,1.0000
HumanEval-Java,HE-082,FEGAR,1,1.0000
HumanEval-Java,HE-083,EvoSuite,1,0.8750
HumanEval-Java,HE-083,EvoSuite_mut,1,0.8750
HumanEval-Java,HE-083,ChatUniTest,1,1.0000
HumanEval-Java,HE-083,HITS,1,1.0000
HumanEval-Java,HE-083,MUTGEN,1,1.0000
HumanEval-Java,HE-083,Vanilla,1,1.0000
HumanEval-Java,HE-083,FEGAR,1,1.0000
HumanEval-Java,HE-084,EvoSuite,1,0.0000
HumanEval-Java,HE-084,EvoSuite_mut,1,0.0000
HumanEval-Java,HE-084,ChatUniTest,1,1.0000
HumanEval-Java,HE-084,HITS,1,1.0000
HumanEval-Java,HE-084,MUTGEN,0,0.0000
HumanEval-Java,HE-084,Vanilla,1,1.0000
HumanEval-Java,HE-084,FEGAR,1,1.0000
HumanEval-Java,HE-085,EvoSuite,1,0.9231
HumanEval-Java,HE-085,EvoSuite_mut,1,0.9231
HumanEval-Java,HE-085,ChatUniTest,0,0.0000
HumanEval-Java,HE-085,HITS,1,0.9231
HumanEval-Java,HE-085,MUTGEN,1,0.9231
HumanEval-Java,HE-085,Vanilla,1,0.9231
HumanEval-Java,HE-085,FEGAR,1,0.9231
HumanEval-Java,HE-086,EvoSuite,1,0.5556
HumanEval-Java,HE-086,EvoSuite_mut,1,0.5556
HumanEval-Java,HE-086,ChatUniTest,1,1.0000
HumanEval-Java,HE-086,HITS,1,1.0000
HumanEval-Java,HE-086,MUTGEN,1,1.0000
HumanEval-Java,HE-086,Vanilla,1,1.0000
HumanEval-Java,HE-086,FEGAR,1,1.0000
HumanEval-Java,HE-087,EvoSuite,1,0.3125
HumanEval-Java,HE-087,EvoSuite_mut,1,0.5000
HumanEval-Java,HE-087,ChatUniTest,1,0.6250
HumanEval-Java,HE-087,HITS,1,0.6250
HumanEval-Java,HE-087,MUTGEN,1,1.0000
HumanEval-Java,HE-087,Vanilla,1,0.6250
HumanEval-Java,HE-087,FEGAR,1,1.0000
HumanEval-Java,HE-088,EvoSuite,1,0.2500
HumanEval-Java,HE-088,EvoSuite_mut,1,0.1667
HumanEval-Java,HE-088,ChatUniTest,1,0.7500
HumanEval-Java,HE-088,HITS,1,0.8333
HumanEval-Java,HE-088,MUTGEN,1,0.7500
HumanEval-Java,HE-088,Vanilla,1,0.8333
HumanEval-Java,HE-088,FEGAR,1,0.8333
HumanEval-Java,HE-089,EvoSuite,1,0.6154
HumanEval-Java,HE-089,EvoSuite_mut,1,0.6154
HumanEval-Java,HE-089,ChatUniTest,1,0.5385
HumanEval-Java,HE-089,HITS,1,0.8462
HumanEval-Java,HE-089,MUTGEN,1,0.5385
HumanEval-Java,HE-089,Vanilla,1,1.0000
HumanEval-Java,HE-089,FEGAR,1,1.0000
HumanEval-Java,HE-090,EvoSuite,1,0.0000
HumanEval-Java,HE-090,EvoSuite_mut,1,0.0000
HumanEval-Java,HE-090,ChatUniTest,1,0.9000
HumanEval-Java,HE-090,HITS,1,1.0000
HumanEval-Java,HE-090,MUTGEN,1,0.6000
HumanEval-Java,HE-090,Vanilla,1,1.0000
HumanEval-Java,HE-090,FEGAR,1,1.0000
HumanEval-Java,HE-091,EvoSuite,1,0.8750
HumanEval-Java,HE-091,EvoSuite_mut,1,0.8750
HumanEval-Java,HE-091,ChatUniTest,1,0.8750
HumanEval-Java,HE-091,HITS,1,0.8750
HumanEval-Java,HE-091,MUTGEN,1,0.8750
HumanEval-Java,HE-091,Vanilla,1,0.8750
HumanEval-Java,HE-091,FEGAR,1,0.8750
HumanEval-Java,HE-092,EvoSuite,1,0.6667
HumanEval-Java,HE-092,EvoSuite_mut,1,0.6667
HumanEval-Java,HE-092,ChatUniTest,1,0.6667
HumanEval-Java,HE-092,HITS,1,0.6667
HumanEval-Java,HE-092,MUTGEN,1,0.6667
HumanEval-Java,HE-092,Vanilla,1,0.6667
HumanEval-Java,HE-092,FEGAR,1,0.6667
HumanEval-Java,HE-093,EvoSuite,1,0.6000
HumanEval-Java,HE-093,EvoSuite_mut,1,0.6000
HumanEval-Java,HE-093,ChatUniTest,1,1.0000
HumanEval-Java,HE-093,HITS,1,1.0000
HumanEval-Java,HE-093,MUTGEN,1,1.0000
HumanEval-Java,HE-093,Vanilla,1,1.0000
HumanEval-Java,HE-093,FEGAR,1,1.0000
HumanEval-Java,HE-094,EvoSuite,1,0.3333
HumanEval-Java,HE-094,EvoSuite_mut,1,0.8333
HumanEval-Java,HE-094,ChatUniTest,1,0.8333
HumanEval-Java,HE-094,HITS,1,0.8333
HumanEval-Java,HE-094,MUTGEN,1,0.8333
HumanEval-Java,HE-094,Vanilla,1,0.8333
HumanEval-Java,HE-094,FEGAR,1,0.8333
HumanEval-Java,HE-095,EvoSuite,1,0.9091
HumanEval-Java,HE-095,EvoSuite_mut,1,0.6364
HumanEval-Java,HE-095,ChatUniTest,1,0.6364
HumanEval-Java,HE-095,HITS,1,0.9091
HumanEval-Java,HE-095,MUTGEN,1,0.7273
HumanEval-Java,HE-095,Vanilla,1,0.9091
HumanEval-Java,HE-095,FEGAR,1,0.9091
HumanEval-Java,HE-096,EvoSuite,1,1.0000
HumanEval-Java,HE-096,EvoSuite_mut,1,1.0000
HumanEval-Java,HE-096,ChatUniTest,1,0.1111
HumanEval-Java,HE-096,HITS,1,1.0000
HumanEval-Java,HE-096,MUTGEN,1,1.0000
HumanEval-Java,HE-096,Vanilla,1,1.0000
HumanEval-Java,HE-096,FEGAR,1,1.0000
HumanEval-Java,HE-097,EvoSuite,1,0.6154
HumanEval-Java,HE-097,EvoSuite_mut,1,0.6154
HumanEval-Java,HE-097,ChatUniTest,1,0.7692
HumanEval-Java,HE-097,HITS,1,0.8462
HumanEval-Java,HE-097,MUTGEN,1,0.7692
HumanEval-Java,HE-097,Vanilla,1,0.7692
HumanEval-Java,HE-097,FEGAR,1,0.8462
HumanEval-Java,HE-098,EvoSuite,1,0.1111
HumanEval-Java,HE-098,EvoSuite_mut,1,0.1111
HumanEval-Java,HE-098,ChatUniTest,1,1.0000
HumanEval-Java,HE-098,HITS,1,1.0000
HumanEval-Java,HE-098,MUTGEN,1,1.0000
HumanEval-Java,HE-098,Vanilla,0,0.0000
HumanEval-Java,HE-098,FEGAR,1,1.0000
HumanEval-Java,HE-099,EvoSuite,1,0.7857
HumanEval-Java,HE-099,EvoSuite_mut,1,0.9286
HumanEval-Java,HE-099,ChatUniTest,1,1.0000
HumanEval-Java,HE-099,HITS,1,1.0000
HumanEval-Java,HE-099,MUTGEN,1,1.0000
HumanEval-Java,HE-099,Vanilla,1,0.9286
HumanEval-Java,HE-099,FEGAR,1,1.0000
HumanEval-Java,HE-100,EvoSuite,1,0.6000
HumanEval-Java,HE-100,EvoSuite_mut,1,0.6000
HumanEval-Java,HE-100,ChatUniTest,1,0.8000
HumanEval-Java,HE-100,HITS,1,0.8000
HumanEval-Java,HE-100,MUTGEN,1,0.6000
HumanEval-Java,HE-100,Vanilla,1,0.8000
HumanEval-Java,HE-100,FEGAR,1,0.8000
HumanEval-Java,HE-101,EvoSuite,1,1.0000
HumanEval-Java,HE-101,EvoSuite_mut,1,0.3333
HumanEval-Java,HE-101,ChatUniTest,1,1.0000
HumanEval-Java,HE-101,HITS,1,1.0000
HumanEval-Java,HE-101,MUTGEN,1,1.0000
HumanEval-Java,HE-101,Vanilla,1,1.0000
HumanEval-Java,HE-101,FEGAR,1,1.0000
HumanEval-Java,HE-102,EvoSuite,1,0.7500
HumanEval-Java,HE-102,EvoSuite_mut,1,0.7500
HumanEval-Java,HE-102,ChatUniTest,1,1.0000
HumanEval-Java,HE-102,HITS,1,1.0000
HumanEval-Java,HE-102,MUTGEN,1,1.0000
HumanEval-Java,HE-102,Vanilla,1,1.0000
HumanEval-Java,HE-102,FEGAR,1,1.0000
HumanEval-Java,HE-103,EvoSuite,1,0.6667
HumanEval-Java,HE-103,EvoSuite_mut,1,0.6667
HumanEval-Java,HE-103,ChatUniTest,1,0.6667
HumanEval-Java,HE-103,HITS,1,0.6667
HumanEval-Java,HE-103,MUTGEN,1,0.6667
HumanEval-Java,HE-103,Vanilla,1,0.6667
HumanEval-Java,HE-103,FEGAR,1,0.6667
HumanEval-Java,HE-104,EvoSuite,1,0.6000
HumanEval-Java,HE-104,EvoSuite_mut,0,0.0000
HumanEval-Java,HE-104,ChatUniTest,1,0.8000
HumanEval-Java,HE-104,HITS,1,0.6000
HumanEval-Java,HE-104,MUTGEN,1,0.8000
HumanEval-Java,HE-104,Vanilla,1,0.8000
HumanEval-Java,HE-104,FEGAR,1,0.8000
LeetCode-Java,LC-001,EvoSuite,0,0.0000
LeetCode-Java,LC-001,EvoSuite_mut,1,0.8824
LeetCode-Java,LC-001,ChatUniTest,0,0.0000
LeetCode-Java,LC-001,HITS,1,0.8824
LeetCode-Java,LC-001,MUTGEN,1,0.8235
LeetCode-Java,LC-001,Vanilla,1,0.7647
LeetCode-Java,LC-001,FEGAR,1,0.8824
LeetCode-Java,LC-002,EvoSuite,1,0.0000
LeetCode-Java,LC-002,EvoSuite_mut,1,1.0000
LeetCode-Java,LC-002,ChatUniTest,0,0.0000
LeetCode-Java,LC-002,HITS,1,1.0000
LeetCode-Java,LC-002,MUTGEN,1,1.0000
LeetCode-Java,LC-002,Vanilla,1,0.8889
LeetCode-Java,LC-002,FEGAR,1,1.0000
LeetCode-Java,LC-003,EvoSuite,1,1.0000
LeetCode-Java,LC-003,EvoSuite_mut,1,1.0000
LeetCode-Java,LC-003,ChatUniTest,0,0.0000
LeetCode-Java,LC-003,HITS,1,1.0000
LeetCode-Java,LC-003,MUTGEN,1,1.0000
LeetCode-Java,LC-003,Vanilla,1,1.0000
LeetCode-Java,LC-003,FEGAR,1,1.0000
LeetCode-Java,LC-004,EvoSuite,1,0.7500
LeetCode-Java,LC-004,EvoSuite_mut,1,0.6250
LeetCode-Java,LC-004,ChatUniTest,0,0.0000
LeetCode-Java,LC-004,HITS,0,0.0000
LeetCode-Java,LC-004,MUTGEN,1,0.0000
LeetCode-Java,LC-004,Vanilla,1,1.0000
LeetCode-Java,LC-004,FEGAR,1,1.0000
LeetCode-Java,LC-005,EvoSuite,1,0.2778
LeetCode-Java,LC-005,EvoSuite_mut,1,0.3333
LeetCode-Java,LC-005,ChatUniTest,0,0.0000
LeetCode-Java,LC-005,HITS,0,0.0000
LeetCode-Java,LC-005,MUTGEN,1,0.0000
LeetCode-Java,LC-005,Vanilla,0,0.0000
LeetCode-Java,LC-005,FEGAR,1,0.8333
LeetCode-Java,LC-006,EvoSuite,1,0.8125
LeetCode-Java,LC-006,EvoSuite_mut,1,0.8750
LeetCode-Java,LC-006,ChatUniTest,1,0.6875
LeetCode-Java,LC-006,HITS,1,0.8750
LeetCode-Java,LC-006,MUTGEN,1,0.8750
LeetCode-Java,LC-006,Vanilla,1,0.8125
LeetCode-Java,LC-006,FEGAR,1,0.8750
LeetCode-Java,LC-007,EvoSuite,1,0.8333
LeetCode-Java,LC-007,EvoSuite_mut,1,0.8333
LeetCode-Java,LC-007,ChatUniTest,0,0.0000
LeetCode-Java,LC-007,HITS,1,0.9167
LeetCode-Java,LC-007,MUTGEN,1,0.9167
LeetCode-Java,LC-007,Vanilla,1,0.9167
LeetCode-Java,LC-007,FEGAR,1,0.9167
LeetCode-Java,LC-008,EvoSuite,1,0.6429
LeetCode-Java,LC-008,EvoSuite_mut,1,0.6429
LeetCode-Java,LC-008,ChatUniTest,1,0.9286
LeetCode-Java,LC-008,HITS,1,0.9286
LeetCode-Java,LC-008,MUTGEN,1,0.9286
LeetCode-Java,LC-008,Vanilla,1,0.9286
LeetCode-Java,LC-008,FEGAR,1,0.9286
LeetCode-Java,LC-009,EvoSuite,1,0.0000
LeetCode-Java,LC-009,EvoSuite_mut,1,0.0000
LeetCode-Java,LC-009,ChatUniTest,1,0.9167
LeetCode-Java,LC-009,HITS,0,0.0000
LeetCode-Java,LC-009,MUTGEN,0,0.0000
LeetCode-Java,LC-009,Vanilla,1,0.0000
LeetCode-Java,LC-009,FEGAR,1,0.9167
LeetCode-Java,LC-010,EvoSuite,1,0.7045
LeetCode-Java,LC-010,EvoSuite_mut,1,0.5909
LeetCode-Java,LC-010,ChatUniTest,1,0.3864
LeetCode-Java,LC-010,HITS,1,0.7273
LeetCode-Java,LC-010,MUTGEN,1,0.9318
LeetCode-Java,LC-010,Vanilla,1,0.5909
LeetCode-Java,LC-010,FEGAR,1,0.6136
LeetCode-Java,LC-011,EvoSuite,0,0.0000
LeetCode-Java,LC-011,EvoSuite_mut,0,0.0000
LeetCode-Java,LC-011,ChatUniTest,1,0.8235
LeetCode-Java,LC-011,HITS,1,0.9412
LeetCode-Java,LC-011,MUTGEN,1,0.7353
LeetCode-Java,LC-011,Vanilla,1,0.7941
LeetCode-Java,LC-011,FEGAR,1,0.8235
LeetCode-Java,LC-012,EvoSuite,1,0.8571
LeetCode-Java,LC-012,EvoSuite_mut,1,0.2857
LeetCode-Java,LC-012,ChatUniTest,1,0.8571
LeetCode-Java,LC-012,HITS,1,1.0000
LeetCode-Java,LC-012,MUTGEN,1,1.0000
LeetCode-Java,LC-012,Vanilla,1,0.8571
LeetCode-Java,LC-012,FEGAR,1,1.0000
LeetCode-Java,LC-013,EvoSuite,1,0.6000
LeetCode-Java,LC-013,EvoSuite_mut,1,0.6000
LeetCode-Java,LC-013,ChatUniTest,0,0.0000
LeetCode-Java,LC-013,HITS,0,0.0000
LeetCode-Java,LC-013,MUTGEN,1,0.0000
LeetCode-Java,LC-013,Vanilla,0,0.0000
LeetCode-Java,LC-013,FEGAR,1,0.9500
LeetCode-Java,LC-014,EvoSuite,1,1.0000
LeetCode-Java,LC-014,EvoSuite_mut,1,0.9000
LeetCode-Java,LC-014,ChatUniTest,0,0.0000
LeetCode-Java,LC-014,HITS,1,0.9000
LeetCode-Java,LC-014,MUTGEN,1,0.9000
LeetCode-Java,LC-014,Vanilla,1,0.5000
LeetCode-Java,LC-014,FEGAR,1,1.0000
LeetCode-Java,LC-015,EvoSuite,1,0.7059
LeetCode-Java,LC-015,EvoSuite_mut,1,0.7059
LeetCode-Java,LC-015,ChatUniTest,1,0.8235
LeetCode-Java,LC-015,HITS,1,0.8235
LeetCode-Java,LC-015,MUTGEN,1,0.8235
LeetCode-Java,LC-015,Vanilla,1,0.8235
LeetCode-Java,LC-015,FEGAR,1,0.9412
LeetCode-Java,LC-016,EvoSuite,1,0.0000
LeetCode-Java,LC-016,EvoSuite_mut,1,0.2500
LeetCode-Java,LC-016,ChatUniTest,0,0.0000
LeetCode-Java,LC-016,HITS,0,0.0000
LeetCode-Java,LC-016,MUTGEN,1,0.0000
LeetCode-Java,LC-016,Vanilla,1,0.8750
LeetCode-Java,LC-016,FEGAR,1,1.0000
LeetCode-Java,LC-017,EvoSuite,1,0.9583
LeetCode-Java,LC-017,EvoSuite_mut,1,0.9583
LeetCode-Java,LC-017,ChatUniTest,0,0.0000
LeetCode-Java,LC-017,HITS,1,0.8750
LeetCode-Java,LC-017,MUTGEN,1,0.8750
LeetCode-Java,LC-017,Vanilla,1,0.8333
LeetCode-Java,LC-017,FEGAR,1,0.9583
LeetCode-Java,LC-018,EvoSuite,1,0.4000
LeetCode-Java,LC-018,EvoSuite_mut,1,0.7000
LeetCode-Java,LC-018,ChatUniTest,1,0.7000
LeetCode-Java,LC-018,HITS,1,0.7000
LeetCode-Java,LC-018,MUTGEN,1,0.8000
LeetCode-Java,LC-018,Vanilla,1,0.5000
LeetCode-Java,LC-018,FEGAR,1,1.0000
LeetCode-Java,LC-019,EvoSuite,1,0.8462
LeetCode-Java,LC-019,EvoSuite_mut,1,0.7692
LeetCode-Java,LC-019,ChatUniTest,1,0.8462
LeetCode-Java,LC-019,HITS,1,0.8462
LeetCode-Java,LC-019,MUTGEN,1,0.8077
LeetCode-Java,LC-019,Vanilla,1,0.7692
LeetCode-Java,LC-019,FEGAR,1,0.8462
LeetCode-Java,LC-020,EvoSuite,1,0.6471
LeetCode-Java,LC-020,EvoSuite_mut,1,0.8235
LeetCode-Java,LC-020,ChatUniTest,1,0.7647
LeetCode-Java,LC-020,HITS,1,0.7647
LeetCode-Java,LC-020,MUTGEN,1,0.7059
LeetCode-Java,LC-020,Vanilla,1,0.7059
LeetCode-Java,LC-020,FEGAR,1,0.7647
LeetCode-Java,LC-021,EvoSuite,1,0.0000
LeetCode-Java,LC-021,EvoSuite_mut,1,0.6471
LeetCode-Java,LC-021,ChatUniTest,0,0.0000
LeetCode-Java,LC-021,HITS,1,0.2353
LeetCode-Java,LC-021,MUTGEN,1,0.8235
LeetCode-Java,LC-021,Vanilla,1,0.2353
LeetCode-Java,LC-021,FEGAR,1,0.7647
LeetCode-Java,LC-022,EvoSuite,1,1.0000
LeetCode-Java,LC-022,EvoSuite_mut,1,1.0000
LeetCode-Java,LC-022,ChatUniTest,1,1.0000
LeetCode-Java,LC-022,HITS,1,1.0000
LeetCode-Java,LC-022,MUTGEN,1,1.0000
LeetCode-Java,LC-022,Vanilla,1,1.0000
LeetCode-Java,LC-022,FEGAR,1,1.0000
LeetCode-Java,LC-023,EvoSuite,1,0.9231
LeetCode-Java,LC-023,EvoSuite_mut,1,0.9231
LeetCode-Java,LC-023,ChatUniTest,0,0.0000
LeetCode-Java,LC-023,HITS,1,1.0000
LeetCode-Java,LC-023,MUTGEN,1,0.9231
LeetCode-Java,LC-023,Vanilla,1,1.0000
LeetCode-Java,LC-023,FEGAR,1,1.0000
LeetCode-Java,LC-024,EvoSuite,1,0.4000
LeetCode-Java,LC-024,EvoSuite_mut,1,0.8800
LeetCode-Java,LC-024,ChatUniTest,1,0.9200
LeetCode-Java,LC-024,HITS,1,0.9200
LeetCode-Java,LC-024,MUTGEN,1,0.9200
LeetCode-Java,LC-024,Vanilla,1,0.9200
LeetCode-Java,LC-024,FEGAR,1,0.9200
LeetCode-Java,LC-025,EvoSuite,1,0.8182
LeetCode-Java,LC-025,EvoSuite_mut,1,0.8182
LeetCode-Java,LC-025,ChatUniTest,1,0.3636
LeetCode-Java,LC-025,HITS,1,0.8182
LeetCode-Java,LC-025,MUTGEN,1,0.8182
LeetCode-Java,LC-025,Vanilla,1,0.3636
LeetCode-Java,LC-025,FEGAR,1,0.8182
LeetCode-Java,LC-026,EvoSuite,1,0.3571
LeetCode-Java,LC-026,EvoSuite_mut,1,0.2857
LeetCode-Java,LC-026,ChatUniTest,1,0.5714
LeetCode-Java,LC-026,HITS,1,0.7857
LeetCode-Java,LC-026,MUTGEN,1,0.5714
LeetCode-Java,LC-026,Vanilla,1,0.7143
LeetCode-Java,LC-026,FEGAR,1,0.8571
LeetCode-Java,LC-027,EvoSuite,1,1.0000
LeetCode-Java,LC-027,EvoSuite_mut,1,0.7857
LeetCode-Java,LC-027,ChatUniTest,0,0.0000
LeetCode-Java,LC-027,HITS,1,0.8571
LeetCode-Java,LC-027,MUTGEN,1,0.7857
LeetCode-Java,LC-027,Vanilla,1,0.8571
LeetCode-Java,LC-027,FEGAR,1,0.9286
LeetCode-Java,LC-028,EvoSuite,1,0.6875
LeetCode-Java,LC-028,EvoSuite_mut,1,0.6875
LeetCode-Java,LC-028,ChatUniTest,0,0.0000
LeetCode-Java,LC-028,HITS,1,0.6875
LeetCode-Java,LC-028,MUTGEN,1,0.6875
LeetCode-Java,LC-028,Vanilla,1,0.6875
LeetCode-Java,LC-028,FEGAR,1,0.7500
LeetCode-Java,LC-029,EvoSuite,1,1.0000
LeetCode-Java,LC-029,EvoSuite_mut,1,1.0000
LeetCode-Java,LC-029,ChatUniTest,0,0.0000
LeetCode-Java,LC-029,HITS,1,1.0000
LeetCode-Java,LC-029,MUTGEN,1,1.0000
LeetCode-Java,LC-029,Vanilla,1,1.0000
LeetCode-Java,LC-029,FEGAR,1,1.0000
LeetCode-Java,LC-030,EvoSuite,1,0.3529
LeetCode-Java,LC-030,EvoSuite_mut,1,0.2941
LeetCode-Java,LC-030,ChatUniTest,1,0.2941
LeetCode-Java,LC-030,HITS,1,0.3529
LeetCode-Java,LC-030,MUTGEN,1,0.3529
LeetCode-Java,LC-030,Vanilla,0,0.0000
LeetCode-Java,LC-030,FEGAR,1,0.3529
LeetCode-Java,LC-031,EvoSuite,1,1.0000
LeetCode-Java,LC-031,EvoSuite_mut,1,1.0000
LeetCode-Java,LC-031,ChatUniTest,1,1.0000
LeetCode-Java,LC-031,HITS,1,1.0000
LeetCode-Java,LC-031,MUTGEN,1,0.7500
LeetCode-Java,LC-031,Vanilla,1,0.8750
LeetCode-Java,LC-031,FEGAR,1,1.0000
LeetCode-Java,LC-032,EvoSuite,1,1.0000
LeetCode-Java,LC-032,EvoSuite_mut,1,1.0000
LeetCode-Java,LC-032,ChatUniTest,1,0.9600
LeetCode-Java,LC-032,HITS,1,1.0000
LeetCode-Java,LC-032,MUTGEN,1,0.8800
LeetCode-Java,LC-032,Vanilla,1,0.8800
LeetCode-Java,LC-032,FEGAR,1,1.0000
LeetCode-Java,LC-033,EvoSuite,1,0.8846
LeetCode-Java,LC-033,EvoSuite_mut,1,0.7308
LeetCode-Java,LC-033,ChatUniTest,1,0.3462
LeetCode-Java,LC-033,HITS,1,0.3462
LeetCode-Java,LC-033,MUTGEN,1,0.4615
LeetCode-Java,LC-033,Vanilla,1,0.3462
LeetCode-Java,LC-033,FEGAR,1,0.8846
LeetCode-Java,LC-034,EvoSuite,1,0.3043
LeetCode-Java,LC-034,EvoSuite_mut,1,0.2826
LeetCode-Java,LC-034,ChatUniTest,1,0.6957
LeetCode-Java,LC-034,HITS,1,0.8696
LeetCode-Java,LC-034,MUTGEN,1,0.8696
LeetCode-Java,LC-034,Vanilla,1,0.6304
LeetCode-Java,LC-034,FEGAR,1,0.8696
LeetCode-Java,LC-035,EvoSuite,1,0.7500
LeetCode-Java,LC-035,EvoSuite_mut,1,0.9000
LeetCode-Java,LC-035,ChatUniTest,1,0.6500
LeetCode-Java,LC-035,HITS,1,0.7500
LeetCode-Java,LC-035,MUTGEN,1,0.8000
LeetCode-Java,LC-035,Vanilla,1,0.6500
LeetCode-Java,LC-035,FEGAR,1,0.6500
LeetCode-Java,LC-036,EvoSuite,1,0.4583
LeetCode-Java,LC-036,EvoSuite_mut,1,0.5417
LeetCode-Java,LC-036,ChatUniTest,1,0.9583
LeetCode-Java,LC-036,HITS,1,1.0000
LeetCode-Java,LC-036,MUTGEN,1,0.9167
LeetCode-Java,LC-036,Vanilla,1,0.9167
LeetCode-Java,LC-036,FEGAR,1,0.9583
LeetCode-Java,LC-037,EvoSuite,1,0.7143
LeetCode-Java,LC-037,EvoSuite_mut,1,0.6190
LeetCode-Java,LC-037,ChatUniTest,1,0.7143
LeetCode-Java,LC-037,HITS,1,0.9524
LeetCode-Java,LC-037,MUTGEN,1,0.9524
LeetCode-Java,LC-037,Vanilla,1,0.9524
LeetCode-Java,LC-037,FEGAR,1,0.9524
LeetCode-Java,LC-038,EvoSuite,1,0.4865
LeetCode-Java,LC-038,EvoSuite_mut,1,0.6486
LeetCode-Java,LC-038,ChatUniTest,1,0.1081
LeetCode-Java,LC-038,HITS,1,0.7838
LeetCode-Java,LC-038,MUTGEN,1,0.8378
LeetCode-Java,LC-038,Vanilla,1,0.7568
LeetCode-Java,LC-038,FEGAR,1,0.8649
LeetCode-Java,LC-039,EvoSuite,1,0.5909
LeetCode-Java,LC-039,EvoSuite_mut,1,0.7273
LeetCode-Java,LC-039,ChatUniTest,1,0.2727
LeetCode-Java,LC-039,HITS,1,0.2727
LeetCode-Java,LC-039,MUTGEN,1,0.8636
LeetCode-Java,LC-039,Vanilla,1,0.2727
LeetCode-Java,LC-039,FEGAR,1,0.7727
LeetCode-Java,LC-040,EvoSuite,1,0.5000
LeetCode-Java,LC-040,EvoSuite_mut,1,0.6667
LeetCode-Java,LC-040,ChatUniTest,1,0.0000
LeetCode-Java,LC-040,HITS,1,1.0000
LeetCode-Java,LC-040,MUTGEN,1,1.0000
LeetCode-Java,LC-040,Vanilla,1,1.0000
LeetCode-Java,LC-040,FEGAR,1,1.0000
LeetCode-Java,LC-041,EvoSuite,1,0.9286
LeetCode-Java,LC-041,EvoSuite_mut,1,0.7143
LeetCode-Java,LC-041,ChatUniTest,1,0.7857
LeetCode-Java,LC-041,HITS,1,0.9286
LeetCode-Java,LC-041,MUTGEN,1,0.9286
LeetCode-Java,LC-041,Vanilla,1,0.9286
LeetCode-Java,LC-041,FEGAR,1,0.9286
LeetCode-Java,LC-042,EvoSuite,1,0.6250
LeetCode-Java,LC-042,EvoSuite_mut,1,1.0000
LeetCode-Java,LC-042,ChatUniTest,1,1.0000
LeetCode-Java,LC-042,HITS,1,1.0000
LeetCode-Java,LC-042,MUTGEN,1,1.0000
LeetCode-Java,LC-042,Vanilla,1,1.0000
LeetCode-Java,LC-042,FEGAR,1,1.0000
LeetCode-Java,LC-043,EvoSuite,1,0.6000
LeetCode-Java,LC-043,EvoSuite_mut,1,1.0000
LeetCode-Java,LC-043,ChatUniTest,1,0.9000
LeetCode-Java,LC-043,HITS,1,1.0000
LeetCode-Java,LC-043,MUTGEN,1,1.0000
LeetCode-Java,LC-043,Vanilla,1,1.0000
LeetCode-Java,LC-043,FEGAR,1,1.0000
LeetCode-Java,LC-044,EvoSuite,1,0.9000
LeetCode-Java,LC-044,EvoSuite_mut,1,1.0000
LeetCode-Java,LC-044,ChatUniTest,0,0.0000
LeetCode-Java,LC-044,HITS,1,1.0000
LeetCode-Java,LC-044,MUTGEN,1,1.0000
LeetCode-Java,LC-044,Vanilla,1,1.0000
LeetCode-Java,LC-044,FEGAR,1,1.0000
LeetCode-Java,LC-045,EvoSuite,1,0.7500
LeetCode-Java,LC-045,EvoSuite_mut,1,0.7500
LeetCode-Java,LC-045,ChatUniTest,0,0.0000
LeetCode-Java,LC-045,HITS,1,0.2500
LeetCode-Java,LC-045,MUTGEN,1,0.7500
LeetCode-Java,LC-045,Vanilla,1,0.7500
LeetCode-Java,LC-045,FEGAR,1,0.8750
LeetCode-Java,LC-046,EvoSuite,1,0.4634
LeetCode-Java,LC-046,EvoSuite_mut,1,0.9268
LeetCode-Java,LC-046,ChatUniTest,1,0.9268
LeetCode-Java,LC-046,HITS,1,0.9268
LeetCode-Java,LC-046,MUTGEN,1,0.8293
LeetCode-Java,LC-046,Vanilla,0,0.0000
LeetCode-Java,LC-046,FEGAR,1,0.9268
LeetCode-Java,LC-047,EvoSuite,1,1.0000
LeetCode-Java,LC-047,EvoSuite_mut,1,1.0000
LeetCode-Java,LC-047,ChatUniTest,1,1.0000
LeetCode-Java,LC-047,HITS,1,1.0000
LeetCode-Java,LC-047,MUTGEN,1,1.0000
LeetCode-Java,LC-047,Vanilla,1,0.7500
LeetCode-Java,LC-047,FEGAR,1,1.0000
LeetCode-Java,LC-048,EvoSuite,1,0.9333
LeetCode-Java,LC-048,EvoSuite_mut,1,0.8889
LeetCode-Java,LC-048,ChatUniTest,1,0.9333
LeetCode-Java,LC-048,HITS,1,1.0000
LeetCode-Java,LC-048,MUTGEN,1,0.8889
LeetCode-Java,LC-048,Vanilla,1,1.0000
LeetCode-Java,LC-048,FEGAR,1,1.0000
LeetCode-Java,LC-049,EvoSuite,1,0.4737
LeetCode-Java,LC-049,EvoSuite_mut,1,0.2632
LeetCode-Java,LC-049,ChatUniTest,1,0.9474
LeetCode-Java,LC-049,HITS,1,0.9474
LeetCode-Java,LC-049,MUTGEN,1,0.8947
LeetCode-Java,LC-049,Vanilla,1,0.8421
LeetCode-Java,LC-049,FEGAR,1,0.9474
LeetCode-Java,LC-050,EvoSuite,1,1.0000
LeetCode-Java,LC-050,EvoSuite_mut,1,1.0000
LeetCode-Java,LC-050,ChatUniTest,1,0.7500
LeetCode-Java,LC-050,HITS,1,0.7500
LeetCode-Java,LC-050,MUTGEN,1,1.0000
LeetCode-Java,LC-050,Vanilla,1,0.7500
LeetCode-Java,LC-050,FEGAR,1,0.7500
LeetCode-Java,LC-051,EvoSuite,1,0.5862
LeetCode-Java,LC-051,EvoSuite_mut,1,0.7586
LeetCode-Java,LC-051,ChatUniTest,0,0.0000
LeetCode-Java,LC-051,HITS,1,0.7586
LeetCode-Java,LC-051,MUTGEN,1,0.4828
LeetCode-Java,LC-051,Vanilla,1,0.7241
LeetCode-Java,LC-051,FEGAR,1,0.7241
LeetCode-Java,LC-052,EvoSuite,1,1.0000
LeetCode-Java,LC-052,EvoSuite_mut,1,0.9333
LeetCode-Java,LC-052,ChatUniTest,0,0.0000
LeetCode-Java,LC-052,HITS,1,1.0000
LeetCode-Java,LC-052,MUTGEN,1,1.0000
LeetCode-Java,LC-052,Vanilla,1,0.9667
LeetCode-Java,LC-052,FEGAR,1,1.0000
LeetCode-Java,LC-053,EvoSuite,1,0.2727
LeetCode-Java,LC-053,EvoSuite_mut,1,0.2727
LeetCode-Java,LC-053,ChatUniTest,0,0.0000
LeetCode-Java,LC-053,HITS,0,0.0000
LeetCode-Java,LC-053,MUTGEN,1,0.0000
LeetCode-Java,LC-053,Vanilla,1,1.0000
LeetCode-Java,LC-053,FEGAR,1,1.0000
LeetCode-Java,LC-054,EvoSuite,1,0.0000
LeetCode-Java,LC-054,EvoSuite_mut,1,0.8276
LeetCode-Java,LC-054,ChatUniTest,1,0.3448
LeetCode-Java,LC-054,HITS,1,0.9655
LeetCode-Java,LC-054,MUTGEN,1,0.5517
LeetCode-Java,LC-054,Vanilla,1,0.4483
LeetCode-Java,LC-054,FEGAR,1,0.9655
LeetCode-Java,LC-055,EvoSuite,1,1.0000
LeetCode-Java,LC-055,EvoSuite_mut,1,0.9286
LeetCode-Java,LC-055,ChatUniTest,1,1.0000
LeetCode-Java,LC-055,HITS,1,1.0000
LeetCode-Java,LC-055,MUTGEN,1,1.0000
LeetCode-Java,LC-055,Vanilla,1,0.9286
LeetCode-Java,LC-055,FEGAR,1,1.0000
LeetCode-Java,LC-056,EvoSuite,1,0.4444
LeetCode-Java,LC-056,EvoSuite_mut,1,1.0000
LeetCode-Java,LC-056,ChatUniTest,1,1.0000
LeetCode-Java,LC-056,HITS,1,1.0000
LeetCode-Java,LC-056,MUTGEN,1,1.0000
LeetCode-Java,LC-056,Vanilla,0,0.0000
LeetCode-Java,LC-056,FEGAR,1,1.0000
LeetCode-Java,LC-057,EvoSuite,1,0.8462
LeetCode-Java,LC-057,EvoSuite_mut,1,0.8462
LeetCode-Java,LC-057,ChatUniTest,0,0.0000
LeetCode-Java,LC-057,HITS,1,0.9231
LeetCode-Java,LC-057,MUTGEN,1,0.9231
LeetCode-Java,LC-057,Vanilla,1,0.8462
LeetCode-Java,LC-057,FEGAR,1,0.8462
LeetCode-Java,LC-058,EvoSuite,0,0.0000
LeetCode-Java,LC-058,EvoSuite_mut,0,0.0000
LeetCode-Java,LC-058,ChatUniTest,0,0.0000
LeetCode-Java,LC-058,HITS,0,0.0000
LeetCode-Java,LC-058,MUTGEN,1,0.9474
LeetCode-Java,LC-058,Vanilla,1,0.9211
LeetCode-Java,LC-058,FEGAR,1,0.9474
LeetCode-Java,LC-059,EvoSuite,1,1.0000
LeetCode-Java,LC-059,EvoSuite_mut,1,0.2500
LeetCode-Java,LC-059,ChatUniTest,1,0.7500
LeetCode-Java,LC-059,HITS,1,0.7500
LeetCode-Java,LC-059,MUTGEN,1,0.7500
LeetCode-Java,LC-059,Vanilla,1,0.7500
LeetCode-Java,LC-059,FEGAR,1,1.0000
LeetCode-Java,LC-060,EvoSuite,1,0.9200
LeetCode-Java,LC-060,EvoSuite_mut,1,0.9200
LeetCode-Java,LC-060,ChatUniTest,1,0.5200
LeetCode-Java,LC-060,HITS,1,0.9200
LeetCode-Java,LC-060,MUTGEN,1,0.8800
LeetCode-Java,LC-060,Vanilla,1,0.6000
LeetCode-Java,LC-060,FEGAR,1,0.8800
LeetCode-Java,LC-061,EvoSuite,0,0.0000
LeetCode-Java,LC-061,EvoSuite_mut,0,0.0000
LeetCode-Java,LC-061,ChatUniTest,0,0.0000
LeetCode-Java,LC-061,HITS,0,0.0000
LeetCode-Java,LC-061,Vanilla,0,0.0000
LeetCode-Java,LC-061,FEGAR,1,1.0000
LeetCode-Java,LC-062,EvoSuite,1,0.9091
LeetCode-Java,LC-062,EvoSuite_mut,1,0.8182
LeetCode-Java,LC-062,ChatUniTest,0,0.0000
LeetCode-Java,LC-062,HITS,1,0.8636
LeetCode-Java,LC-062,MUTGEN,1,0.8636
LeetCode-Java,LC-062,Vanilla,0,0.0000
LeetCode-Java,LC-062,FEGAR,1,0.8636
LeetCode-Java,LC-063,EvoSuite,1,1.0000
LeetCode-Java,LC-063,EvoSuite_mut,1,1.0000
LeetCode-Java,LC-063,ChatUniTest,1,1.0000
LeetCode-Java,LC-063,HITS,1,1.0000
LeetCode-Java,LC-063,MUTGEN,1,1.0000
LeetCode-Java,LC-063,Vanilla,1,1.0000
LeetCode-Java,LC-063,FEGAR,1,1.0000
LeetCode-Java,LC-064,EvoSuite,0,0.0000
LeetCode-Java,LC-064,EvoSuite_mut,0,0.0000
LeetCode-Java,LC-064,ChatUniTest,0,0.0000
LeetCode-Java,LC-064,HITS,0,0.0000
LeetCode-Java,LC-064,MUTGEN,1,0.0000
LeetCode-Java,LC-064,Vanilla,0,0.0000
LeetCode-Java,LC-064,FEGAR,1,0.9000
LeetCode-Java,LC-065,EvoSuite,1,0.6552
LeetCode-Java,LC-065,EvoSuite_mut,1,0.3793
LeetCode-Java,LC-065,ChatUniTest,0,0.0000
LeetCode-Java,LC-065,HITS,1,0.0000
LeetCode-Java,LC-065,MUTGEN,1,0.7931
LeetCode-Java,LC-065,Vanilla,1,0.4483
LeetCode-Java,LC-065,FEGAR,1,0.8621
LeetCode-Java,LC-066,EvoSuite,1,0.8649
LeetCode-Java,LC-066,EvoSuite_mut,1,0.8919
LeetCode-Java,LC-066,ChatUniTest,1,0.8108
LeetCode-Java,LC-066,HITS,1,0.8108
LeetCode-Java,LC-066,MUTGEN,1,0.6486
LeetCode-Java,LC-066,Vanilla,1,0.8378
LeetCode-Java,LC-066,FEGAR,1,0.8378
LeetCode-Java,LC-067,EvoSuite,1,1.0000
LeetCode-Java,LC-067,EvoSuite_mut,1,1.0000
LeetCode-Java,LC-067,ChatUniTest,1,1.0000
LeetCode-Java,LC-067,HITS,1,1.0000
LeetCode-Java,LC-067,MUTGEN,1,1.0000
LeetCode-Java,LC-067,Vanilla,1,1.0000
LeetCode-Java,LC-067,FEGAR,1,1.0000
LeetCode-Java,LC-068,EvoSuite,1,0.7895
LeetCode-Java,LC-068,EvoSuite_mut,1,0.7368
LeetCode-Java,LC-068,ChatUniTest,1,0.8947
LeetCode-Java,LC-068,HITS,1,0.8421
LeetCode-Java,LC-068,MUTGEN,1,0.7895
LeetCode-Java,LC-068,Vanilla,0,0.0000
LeetCode-Java,LC-068,FEGAR,1,0.8421
LeetCode-Java,LC-069,EvoSuite,1,0.9524
LeetCode-Java,LC-069,EvoSuite_mut,1,0.9048
LeetCode-Java,LC-069,ChatUniTest,0,0.0000
LeetCode-Java,LC-069,HITS,1,0.9524
LeetCode-Java,LC-069,MUTGEN,1,0.9048
LeetCode-Java,LC-069,Vanilla,1,0.9524
LeetCode-Java,LC-069,FEGAR,1,1.0000
LeetCode-Java,LC-070,EvoSuite,1,0.7200
LeetCode-Java,LC-070,EvoSuite_mut,1,0.6000
LeetCode-Java,LC-070,ChatUniTest,1,0.4400
LeetCode-Java,LC-070,HITS,1,0.7200
LeetCode-Java,LC-070,MUTGEN,1,0.7200
LeetCode-Java,LC-070,Vanilla,1,0.6400
LeetCode-Java,LC-070,FEGAR,1,0.7200
LeetCode-Java,LC-071,EvoSuite,1,0.8750
LeetCode-Java,LC-071,EvoSuite_mut,1,0.6875
LeetCode-Java,LC-071,ChatUniTest,1,0.9375
LeetCode-Java,LC-071,HITS,1,0.9375
LeetCode-Java,LC-071,MUTGEN,1,0.9375
LeetCode-Java,LC-071,Vanilla,1,0.9375
LeetCode-Java,LC-071,FEGAR,1,0.9375
LeetCode-Java,LC-072,EvoSuite,1,0.9524
LeetCode-Java,LC-072,EvoSuite_mut,1,0.9048
LeetCode-Java,LC-072,ChatUniTest,1,0.9048
LeetCode-Java,LC-072,HITS,1,1.0000
LeetCode-Java,LC-072,MUTGEN,1,0.9524
LeetCode-Java,LC-072,Vanilla,1,0.9048
LeetCode-Java,LC-072,FEGAR,1,0.9048
LeetCode-Java,LC-073,EvoSuite,1,0.8182
LeetCode-Java,LC-073,EvoSuite_mut,1,0.6818
LeetCode-Java,LC-073,ChatUniTest,1,0.2727
LeetCode-Java,LC-073,HITS,1,0.8636
LeetCode-Java,LC-073,MUTGEN,1,0.9091
LeetCode-Java,LC-073,Vanilla,1,0.2727
LeetCode-Java,LC-073,FEGAR,1,0.7727
LeetCode-Java,LC-074,EvoSuite,1,0.6250
LeetCode-Java,LC-074,EvoSuite_mut,1,0.7500
LeetCode-Java,LC-074,ChatUniTest,0,0.0000
LeetCode-Java,LC-074,HITS,1,1.0000
LeetCode-Java,LC-074,MUTGEN,1,0.9375
LeetCode-Java,LC-074,Vanilla,1,0.6250
LeetCode-Java,LC-074,FEGAR,1,0.6875
LeetCode-Java,LC-075,EvoSuite,1,0.8571
LeetCode-Java,LC-075,EvoSuite_mut,1,0.7143
LeetCode-Java,LC-075,ChatUniTest,1,0.8571
LeetCode-Java,LC-075,HITS,1,0.9524
LeetCode-Java,LC-075,MUTGEN,1,0.9524
LeetCode-Java,LC-075,Vanilla,1,0.8571
LeetCode-Java,LC-075,FEGAR,1,0.9524
LeetCode-Java,LC-076,EvoSuite,1,0.0000
LeetCode-Java,LC-076,EvoSuite_mut,1,0.0000
LeetCode-Java,LC-076,ChatUniTest,0,0.0000
LeetCode-Java,LC-076,HITS,1,0.2500
LeetCode-Java,LC-076,MUTGEN,0,0.0000
LeetCode-Java,LC-076,Vanilla,0,0.0000
LeetCode-Java,LC-076,FEGAR,1,0.7500
LeetCode-Java,LC-077,EvoSuite,1,0.6667
LeetCode-Java,LC-077,EvoSuite_mut,1,0.6667
LeetCode-Java,LC-077,ChatUniTest,1,0.8889
LeetCode-Java,LC-077,HITS,1,0.8889
LeetCode-Java,LC-077,MUTGEN,1,0.5556
LeetCode-Java,LC-077,Vanilla,1,0.8889
LeetCode-Java,LC-077,FEGAR,1,0.8889
LeetCode-Java,LC-078,EvoSuite,1,0.7600
LeetCode-Java,LC-078,EvoSuite_mut,1,0.8000
LeetCode-Java,LC-078,ChatUniTest,1,0.8800
LeetCode-Java,LC-078,HITS,1,0.9200
LeetCode-Java,LC-078,MUTGEN,1,0.9200
LeetCode-Java,LC-078,Vanilla,1,0.9200
LeetCode-Java,LC-078,FEGAR,1,0.9200
LeetCode-Java,LC-079,EvoSuite,0,0.0000
LeetCode-Java,LC-079,EvoSuite_mut,1,0.0000
LeetCode-Java,LC-079,ChatUniTest,1,0.7368
LeetCode-Java,LC-079,HITS,1,0.6842
LeetCode-Java,LC-079,MUTGEN,0,0.0000
LeetCode-Java,LC-079,Vanilla,1,0.7368
LeetCode-Java,LC-079,FEGAR,1,0.9474
LeetCode-Java,LC-080,EvoSuite,1,0.9091
LeetCode-Java,LC-080,EvoSuite_mut,1,0.7727
LeetCode-Java,LC-080,ChatUniTest,0,0.0000
LeetCode-Java,LC-080,HITS,1,0.7727
LeetCode-Java,LC-080,MUTGEN,1,0.7273
LeetCode-Java,LC-080,Vanilla,1,0.8182
LeetCode-Java,LC-080,FEGAR,1,0.8182
LeetCode-Java,LC-081,EvoSuite,1,0.8611
LeetCode-Java,LC-081,EvoSuite_mut,1,0.9444
LeetCode-Java,LC-081,ChatUniTest,1,0.1667
LeetCode-Java,LC-081,HITS,1,0.9444
LeetCode-Java,LC-081,MUTGEN,1,0.9167
LeetCode-Java,LC-081,Vanilla,1,0.0000
LeetCode-Java,LC-081,FEGAR,1,0.9444
LeetCode-Java,LC-082,EvoSuite,1,0.8500
LeetCode-Java,LC-082,EvoSuite_mut,1,0.8000
LeetCode-Java,LC-082,ChatUniTest,1,0.8500
LeetCode-Java,LC-082,HITS,1,1.0000
LeetCode-Java,LC-082,MUTGEN,1,0.9500
LeetCode-Java,LC-082,Vanilla,1,0.9500
LeetCode-Java,LC-082,FEGAR,1,1.0000
LeetCode-Java,LC-083,EvoSuite,1,1.0000
LeetCode-Java,LC-083,EvoSuite_mut,1,1.0000
LeetCode-Java,LC-083,ChatUniTest,1,1.0000
LeetCode-Java,LC-083,HITS,1,1.0000
LeetCode-Java,LC-083,MUTGEN,1,1.0000
LeetCode-Java,LC-083,Vanilla,1,1.0000
LeetCode-Java,LC-083,FEGAR,1,1.0000
LeetCode-Java,LC-084,EvoSuite,1,0.4167
LeetCode-Java,LC-084,EvoSuite_mut,1,0.3750
LeetCode-Java,LC-084,ChatUniTest,0,0.0000
LeetCode-Java,LC-084,HITS,0,0.0000
LeetCode-Java,LC-084,MUTGEN,1,0.0000
LeetCode-Java,LC-084,Vanilla,1,0.6875
LeetCode-Java,LC-084,FEGAR,1,0.7292
LeetCode-Java,LC-085,EvoSuite,1,0.9167
LeetCode-Java,LC-085,EvoSuite_mut,1,0.7500
LeetCode-Java,LC-085,ChatUniTest,1,0.8333
LeetCode-Java,LC-085,HITS,1,1.0000
LeetCode-Java,LC-085,MUTGEN,1,0.9167
LeetCode-Java,LC-085,Vanilla,1,0.8333
LeetCode-Java,LC-085,FEGAR,1,0.9167
LeetCode-Java,LC-086,EvoSuite,1,0.9048
LeetCode-Java,LC-086,EvoSuite_mut,1,0.9048
LeetCode-Java,LC-086,ChatUniTest,0,0.0000
LeetCode-Java,LC-086,HITS,1,0.9048
LeetCode-Java,LC-086,MUTGEN,1,0.8571
LeetCode-Java,LC-086,Vanilla,1,0.8571
LeetCode-Java,LC-086,FEGAR,1,0.9048
LeetCode-Java,LC-087,EvoSuite,0,0.0000
LeetCode-Java,LC-087,EvoSuite_mut,0,0.0000
LeetCode-Java,LC-087,ChatUniTest,1,0.5667
LeetCode-Java,LC-087,HITS,1,0.9667
LeetCode-Java,LC-087,MUTGEN,1,0.9667
LeetCode-Java,LC-087,Vanilla,1,0.9667
LeetCode-Java,LC-087,FEGAR,1,0.9667
LeetCode-Java,LC-088,EvoSuite,1,0.8235
LeetCode-Java,LC-088,EvoSuite_mut,1,0.8824
LeetCode-Java,LC-088,ChatUniTest,1,0.8235
LeetCode-Java,LC-088,HITS,1,0.8824
LeetCode-Java,LC-088,MUTGEN,1,0.8824
LeetCode-Java,LC-088,Vanilla,1,0.3529
LeetCode-Java,LC-088,FEGAR,1,0.8824
LeetCode-Java,LC-089,EvoSuite,1,0.8667
LeetCode-Java,LC-089,EvoSuite_mut,1,0.9333
LeetCode-Java,LC-089,ChatUniTest,0,0.0000
LeetCode-Java,LC-089,HITS,1,1.0000
LeetCode-Java,LC-089,MUTGEN,1,0.8000
LeetCode-Java,LC-089,Vanilla,1,0.7333
LeetCode-Java,LC-089,FEGAR,1,1.0000
LeetCode-Java,LC-090,EvoSuite,1,0.9444
LeetCode-Java,LC-090,EvoSuite_mut,1,0.8889
LeetCode-Java,LC-090,ChatUniTest,0,0.0000
LeetCode-Java,LC-090,HITS,1,0.7222
LeetCode-Java,LC-090,MUTGEN,1,0.9444
LeetCode-Java,LC-090,Vanilla,0,0.0000
LeetCode-Java,LC-090,FEGAR,1,0.7222
LeetCode-Java,LC-091,EvoSuite,1,0.6154
LeetCode-Java,LC-091,EvoSuite_mut,1,0.8462
LeetCode-Java,LC-091,ChatUniTest,0,0.0000
LeetCode-Java,LC-091,HITS,1,1.0000
LeetCode-Java,LC-091,MUTGEN,1,0.3846
LeetCode-Java,LC-091,Vanilla,1,0.6154
LeetCode-Java,LC-091,FEGAR,1,0.8462
LeetCode-Java,LC-092,EvoSuite,1,0.7273
LeetCode-Java,LC-092,EvoSuite_mut,1,0.9091
LeetCode-Java,LC-092,ChatUniTest,1,0.8636
LeetCode-Java,LC-092,HITS,1,0.8636
LeetCode-Java,LC-092,MUTGEN,1,0.8636
LeetCode-Java,LC-092,Vanilla,1,0.8636
LeetCode-Java,LC-092,FEGAR,1,0.8636
LeetCode-Java,LC-093,EvoSuite,1,0.7143
LeetCode-Java,LC-093,EvoSuite_mut,1,0.7143
LeetCode-Java,LC-093,ChatUniTest,0,0.0000
LeetCode-Java,LC-093,HITS,0,0.0000
LeetCode-Java,LC-093,MUTGEN,1,0.0000
LeetCode-Java,LC-093,Vanilla,1,0.7857
LeetCode-Java,LC-093,FEGAR,1,0.8571
LeetCode-Java,LC-094,EvoSuite,1,0.7619
LeetCode-Java,LC-094,EvoSuite_mut,1,0.7143
LeetCode-Java,LC-094,ChatUniTest,1,0.6190
LeetCode-Java,LC-094,HITS,1,0.6190
LeetCode-Java,LC-094,MUTGEN,1,0.5714
LeetCode-Java,LC-094,Vanilla,1,0.6190
LeetCode-Java,LC-094,FEGAR,1,0.6190
LeetCode-Java,LC-095,EvoSuite,1,0.8889
LeetCode-Java,LC-095,EvoSuite_mut,1,0.8889
LeetCode-Java,LC-095,ChatUniTest,1,0.7778
LeetCode-Java,LC-095,HITS,1,0.8889
LeetCode-Java,LC-095,MUTGEN,1,0.7778
LeetCode-Java,LC-095,Vanilla,1,0.5556
LeetCode-Java,LC-095,FEGAR,1,0.8889
LeetCode-Java,LC-096,EvoSuite,0,0.0000
LeetCode-Java,LC-096,EvoSuite_mut,1,0.6190
LeetCode-Java,LC-096,ChatUniTest,0,0.0000
LeetCode-Java,LC-096,HITS,1,1.0000
LeetCode-Java,LC-096,MUTGEN,1,1.0000
LeetCode-Java,LC-096,Vanilla,1,0.9048
LeetCode-Java,LC-096,FEGAR,1,1.0000
LeetCode-Java,LC-097,EvoSuite,1,0.8824
LeetCode-Java,LC-097,EvoSuite_mut,1,0.8824
LeetCode-Java,LC-097,ChatUniTest,1,0.7647
LeetCode-Java,LC-097,HITS,1,0.8824
LeetCode-Java,LC-097,MUTGEN,1,0.8824
LeetCode-Java,LC-097,Vanilla,1,0.7059
LeetCode-Java,LC-097,FEGAR,1,0.9412
LeetCode-Java,LC-098,EvoSuite,1,0.7500
LeetCode-Java,LC-098,EvoSuite_mut,1,1.0000
LeetCode-Java,LC-098,ChatUniTest,0,0.0000
LeetCode-Java,LC-098,HITS,0,0.0000
LeetCode-Java,LC-098,MUTGEN,1,0.0000
LeetCode-Java,LC-098,Vanilla,1,1.0000
LeetCode-Java,LC-098,FEGAR,1,1.0000
LeetCode-Java,LC-099,EvoSuite,1,0.8800
LeetCode-Java,LC-099,EvoSuite_mut,1,0.8800
LeetCode-Java,LC-099,ChatUniTest,1,0.9200
LeetCode-Java,LC-099,HITS,1,0.9600
LeetCode-Java,LC-099,MUTGEN,1,0.9200
LeetCode-Java,LC-099,Vanilla,1,0.9600
LeetCode-Java,LC-099,FEGAR,1,0.9600
LeetCode-Java,LC-100,EvoSuite,1,0.9310
LeetCode-Java,LC-100,EvoSuite_mut,1,0.8966
LeetCode-Java,LC-100,ChatUniTest,0,0.0000
LeetCode-Java,LC-100,HITS,1,0.9310
LeetCode-Java,LC-100,MUTGEN,1,0.8621
LeetCode-Java,LC-100,Vanilla,0,0.0000
LeetCode-Java,LC-100,FEGAR,1,0.9310
